initial,gated,percent,sample,Well,Sample_ID,cells_per_uL,cells_per_ml,cell_per_uL_ungated
11432,3598,0.3147305808257523,20240322_Plate1_A02.fcs,A02,AAH_ONT_20230926_038_FC_E1,1728.1683619617775,1728168.3619617776,5490.945167856319
31373,11646,0.3712109138431135,20240322_Plate1_A03.fcs,A03,AAH_ONT_20230923_066_FC_E2,5593.73227999079,5593732.2799907895,15068.878827078055
12914,4935,0.3821434102524392,20240322_Plate1_A04.fcs,A04,AAH_ONT_20230516_048_FC_B2,2370.347655998158,2370347.6559981583,6202.769935067925
25759,9854,0.38254590628518187,20240322_Plate1_A05.fcs,A05,AAH_ONT_20230519_008_FC_E1,4733.010294266635,4733010.294266636,12372.398231176605
10332,3444,0.3333333333333333,20240322_Plate1_A06.fcs,A06,AAH_ONT_20230516_064_FC_B1,1654.200066313608,1654200.066313608,4962.600198940825
29267,11665,0.3985717702531862,20240322_Plate1_A07.fcs,A07,AAH_ONT_20230926_048_FC_B2,5602.858238544785,5602858.238544785,14057.338368408933
20679,9674,0.46781759272692103,20240322_Plate1_A08.fcs,A08,AAH_ONT_20230516_064_FC_E2,4646.553844807736,4646553.844807736,9932.405102003224
26782,10721,0.4003061757897095,20240322_Plate1_A09.fcs,A09,AAH_ONT_20230927_029_FC_E1,5149.442192493667,5149442.192493667,12863.759052268018
29922,12038,0.4023126796337143,20240322_Plate1_A10.fcs,A10,AAH_ONT_20230926_048_FC_E1,5782.015214367948,5782015.214367948,14371.943781717708
13536,4319,0.31907505910165485,20240322_Plate1_A11.fcs,A11,AAH_ONT_20230517_041_FC_B1,2074.47447340548,2074474.4734054797,6501.524999309234
11804,3711,0.31438495425279567,20240322_Plate1_A12.fcs,A12,AAH_ONT_20230925_055_FC_M2,1782.4437996776421,1782443.799677642,5669.621830071379
11600,3533,0.3045689655172414,20240322_Plate1_B02.fcs,B02,AAH_ONT_20230926_038_FC_E1,1696.9479774349527,1696947.9774349527,5571.637854017959
9870,3752,0.3801418439716312,20240322_Plate1_B03.fcs,B03,AAH_ONT_20230515_074_FC_B1,1802.1366576099472,1802136.6576099473,4740.695311996316
12827,4804,0.37452249161924067,20240322_Plate1_B04.fcs,B04,AAH_ONT_20230516_048_FC_B2,2307.426573336403,2307426.5733364034,6160.982651162791
25794,9931,0.3850120182988292,20240322_Plate1_B05.fcs,B05,AAH_ONT_20230519_008_FC_E1,4769.99444209072,4769994.442090721,12389.209207460279
21151,8205,0.38792492080752683,20240322_Plate1_B06.fcs,B06,AAH_ONT_20230516_048_FC_E2,3940.973154501496,3940973.154501496,10159.113125028782
29132,11606,0.3983935191541947,20240322_Plate1_B07.fcs,B07,AAH_ONT_20230926_048_FC_B2,5574.519735666589,5574519.73566659,13992.496031314757
20835,9785,0.46964242860571154,20240322_Plate1_B08.fcs,B08,AAH_ONT_20230516_064_FC_E2,4699.868655307391,4699868.655307392,10007.334024867603
22113,8311,0.3758422647311536,20240322_Plate1_B09.fcs,B09,AAH_ONT_20230926_035_FC_M2,3991.8863969606264,3991886.3969606264,10621.174816025788
30112,12042,0.3999070138150903,20240322_Plate1_B10.fcs,B10,AAH_ONT_20230926_048_FC_E1,5783.936468800368,5783936.468800368,14463.203367257656
13895,4350,0.3130622526088521,20240322_Plate1_B11.fcs,B11,AAH_ONT_20230517_041_FC_B1,2089.364195256735,2089364.195256735,6673.957584618927
26990,10922,0.4046683957021119,20240322_Plate1_B12.fcs,B12,AAH_ONT_20230927_029_FC_M2,5245.985227722774,5245985.227722773,12963.664282753858
28344,12554,0.44291560824160314,20240322_Plate1_C01.fcs,C01,AAH_ONT_20230927_017_FC_B2,6029.857036150126,6029857.036150126,13614.00890812802
11673,3535,0.30283560352951255,20240322_Plate1_C02.fcs,C02,AAH_ONT_20230926_038_FC_E1,1697.9086046511625,1697908.6046511624,5606.700747409625
9400,3481,0.37031914893617024,20240322_Plate1_C03.fcs,C03,AAH_ONT_20230515_074_FC_B1,1671.9716698134932,1671971.6698134933,4514.947916186968
29393,12560,0.42731262545504034,20240322_Plate1_C04.fcs,C04,AAH_ONT_20230923_062_FC_E2,6032.738917798756,6032738.917798756,14117.857883030165
25144,9648,0.3837098313713013,20240322_Plate1_C05.fcs,C05,AAH_ONT_20230519_008_FC_E1,4634.065690997007,4634065.690997006,12077.005362192034
21186,8265,0.39011611441517985,20240322_Plate1_C06.fcs,C06,AAH_ONT_20230516_048_FC_E2,3969.7919709877965,3969791.9709877963,10175.924101312456
13485,3653,0.2708935854653319,20240322_Plate1_C07.fcs,C07,AAH_ONT_20230926_038_FC_B1,1754.5856104075524,1754585.6104075524,6477.029005295877
20192,9469,0.46894809825673534,20240322_Plate1_C08.fcs,C08,AAH_ONT_20230516_064_FC_E2,4548.089555146212,4548089.555146212,9698.49237485609
22477,8374,0.37255861547359526,20240322_Plate1_C09.fcs,C09,AAH_ONT_20230926_035_FC_M2,4022.1461542712404,4022146.1542712403,10796.008969376007
15397,5977,0.3881925050334481,20240322_Plate1_C10.fcs,C10,AAH_ONT_20230518_033_FC_M2,2870.834435643564,2870834.435643564,7395.388623992632
14075,4401,0.31268206039076374,20240322_Plate1_C11.fcs,C11,AAH_ONT_20230517_041_FC_B1,2113.86018927009,2113860.18927009,6760.414034077827
26690,10818,0.4053203446983889,20240322_Plate1_C12.fcs,C12,AAH_ONT_20230927_029_FC_M2,5196.032612479852,5196032.6124798525,12819.57020032236
28521,12592,0.44149924616948916,20240322_Plate1_D01.fcs,D01,AAH_ONT_20230927_017_FC_B2,6048.108953258116,6048108.953258117,13699.024416762604
28533,12550,0.4398415869344268,20240322_Plate1_D02.fcs,D02,AAH_ONT_20230927_033_FC_E2,6027.935781717706,6027935.7817177065,13704.788180059866
9708,3561,0.3668108776266996,20240322_Plate1_D03.fcs,D03,AAH_ONT_20230515_074_FC_B1,1710.396758461893,1710396.7584618928,4662.884507483306
29888,12672,0.42398286937901497,20240322_Plate1_D04.fcs,D04,AAH_ONT_20230923_062_FC_E2,6086.534041906517,6086534.041906517,14355.613119042135
42732,16731,0.39153327716933445,20240322_Plate1_D05.fcs,D05,AAH_ONT_20230927_033_FC_E1,8036.126977204697,8036126.977204697,20524.761101542714
21212,8236,0.38827079011880067,20240322_Plate1_D06.fcs,D06,AAH_ONT_20230516_048_FC_E2,3955.8628763527513,3955862.876352751,10188.412255123187
13599,3645,0.2680344142951688,20240322_Plate1_D07.fcs,D07,AAH_ONT_20230926_038_FC_B1,1750.7431015427123,1750743.1015427124,6531.784756619847
19252,6812,0.35383336796177023,20240322_Plate1_D08.fcs,D08,AAH_ONT_20230926_035_FC_B2,3271.8962984112363,3271896.298411236,9246.997583237393
22691,8553,0.3769335860032612,20240322_Plate1_D09.fcs,D09,AAH_ONT_20230926_035_FC_M2,4108.122290122035,4108122.2901220354,10898.796081510476
15398,5978,0.3882322379529809,20240322_Plate1_D10.fcs,D10,AAH_ONT_20230518_033_FC_M2,2871.314749251669,2871314.7492516693,7395.868937600737
12774,4185,0.32761860028182244,20240322_Plate1_D11.fcs,D11,AAH_ONT_20230518_033_FC_B2,2010.1124499194104,2010112.4499194105,6135.526029933227
26386,10685,0.40494959448192225,20240322_Plate1_D12.fcs,D12,AAH_ONT_20230927_029_FC_M2,5132.1509026018875,5132150.9026018875,12673.55486345844
28936,12900,0.4458114459496821,20240322_Plate1_E01.fcs,E01,AAH_ONT_20230927_017_FC_B2,6196.045544554455,6196045.544554455,13898.35456412618
28564,12789,0.4477314101666433,20240322_Plate1_E02.fcs,E02,AAH_ONT_20230927_033_FC_E2,6142.730734054801,6142730.734054801,13719.677901911122
25729,10905,0.42384080220762566,20240322_Plate1_E03.fcs,E03,AAH_ONT_20230925_055_FC_E1,5237.819896384986,5237819.896384986,12357.988822933456
29174,12412,0.4254473161033797,20240322_Plate1_E04.fcs,E04,AAH_ONT_20230923_062_FC_E2,5961.652503799217,5961652.503799217,14012.66920285517
42936,16744,0.38997577790199367,20240322_Plate1_E05.fcs,E05,AAH_ONT_20230927_033_FC_E1,8042.371054110062,8042371.054110061,20622.74507759613
34034,14219,0.4177880942586825,20240322_Plate1_E06.fcs,E06,AAH_ONT_20230927_017_FC_E2,6829.579193644947,6829579.193644946,16346.993338245451
13384,3594,0.2685295875672445,20240322_Plate1_E07.fcs,E07,AAH_ONT_20230926_038_FC_B1,1726.2471075293577,1726247.1075293578,6428.517330877274
19202,6793,0.3537652327882512,20240322_Plate1_E08.fcs,E08,AAH_ONT_20230926_035_FC_B2,3262.7703398572417,3262770.3398572416,9222.981902832144
30115,11320,0.3758924124190603,20240322_Plate1_E09.fcs,E09,AAH_ONT_20230518_035_FC_E1,5437.150043748561,5437150.043748561,14464.644308081972
15212,5975,0.39278201419931635,20240322_Plate1_E10.fcs,E10,AAH_ONT_20230518_033_FC_M2,2869.873808427354,2869873.8084273543,7306.530606493207
12523,4088,0.32643935159306875,20240322_Plate1_E11.fcs,E11,AAH_ONT_20230518_033_FC_B2,1963.5220299332257,1963522.0299332256,6014.967314298871
10313,2628,0.25482400853291964,20240322_Plate1_E12.fcs,E12,AAH_ONT_20230926_041_FC_B2,1262.264162099931,1262264.162099931,4953.4742403868295
15355,5415,0.35265385867795507,20240322_Plate1_F01.fcs,F01,AAH_ONT_20230518_035_FC_B1,2600.8981878885565,2600898.1878885566,7375.215452452222
28155,12562,0.44617297105309894,20240322_Plate1_F02.fcs,F02,AAH_ONT_20230927_033_FC_E2,6033.699545014966,6033699.545014966,13523.229636196176
26027,10846,0.41672109732201174,20240322_Plate1_F03.fcs,F03,AAH_ONT_20230925_055_FC_E1,5209.481393506792,5209481.393506792,12501.122278148745
10906,4365,0.4002384008802494,20240322_Plate1_F04.fcs,F04,AAH_ONT_20230517_055_FC_M1,2096.5688993783097,2096568.8993783097,5238.300209993091
42800,16409,0.38338785046728974,20240322_Plate1_F05.fcs,F05,AAH_ONT_20230927_033_FC_E1,7881.465995394888,7881465.995394887,20557.422426893852
34420,14329,0.4162986635676932,20240322_Plate1_F06.fcs,F06,AAH_ONT_20230927_017_FC_E2,6882.413690536496,6882413.690536496,16532.394390973983
16712,5971,0.3572881761608425,20240322_Plate1_F07.fcs,F07,AAH_ONT_20230517_041_FC_M2,2867.952553994934,2867952.553994934,8027.001018650702
19631,7172,0.3653405328307269,20240322_Plate1_F08.fcs,F08,AAH_ONT_20230926_035_FC_B2,3444.809197329035,3444809.197329035,9429.036440709187
29863,11200,0.37504604359910254,20240322_Plate1_F09.fcs,F09,AAH_ONT_20230518_035_FC_E1,5379.51241077596,5379512.41077596,14343.605278839512
12531,4615,0.3682866491102067,20240322_Plate1_F10.fcs,F10,AAH_ONT_20230516_048_FC_B1,2216.647301404559,2216647.301404559,6018.8098231637105
12776,4182,0.3273324984345648,20240322_Plate1_F11.fcs,F11,AAH_ONT_20230518_033_FC_B2,2008.6715090950954,2008671.5090950953,6136.486657149436
10128,2603,0.2570102685624013,20240322_Plate1_F12.fcs,F12,AAH_ONT_20230926_041_FC_B2,1250.2563218973062,1250256.3218973062,4864.616222887405
15247,5703,0.3740407949104742,20240322_Plate1_G01.fcs,G01,AAH_ONT_20230518_035_FC_B1,2739.228507022795,2739228.507022795,7323.341582776882
31085,11821,0.38027987775454397,20240322_Plate1_G02.fcs,G02,AAH_ONT_20230923_066_FC_E2,5677.787161409163,5677787.161409163,14930.548507943817
26440,11289,0.42696671709531014,20240322_Plate1_G03.fcs,G03,AAH_ONT_20230925_055_FC_E1,5422.260321897306,5422260.3218973065,12699.491798296107
11268,4490,0.3984735534256301,20240322_Plate1_G04.fcs,G04,AAH_ONT_20230517_055_FC_M1,2156.608100391434,2156608.100391434,5412.173736127101
10149,3169,0.3122475120701547,20240322_Plate1_G05.fcs,G05,AAH_ONT_20230516_064_FC_B1,1522.113824084734,1522113.824084734,4874.702808657609
33704,14063,0.41725017802041303,20240322_Plate1_G06.fcs,G06,AAH_ONT_20230927_017_FC_E2,6754.650270780567,6754650.270780567,16188.489847570805
16835,5768,0.34261954261954264,20240322_Plate1_G07.fcs,G07,AAH_ONT_20230517_041_FC_M2,2770.4488915496204,2770448.8915496203,8086.079592447617
27808,11183,0.4021504602991945,20240322_Plate1_G08.fcs,G08,AAH_ONT_20230927_029_FC_E1,5371.3470794381765,5371347.079438177,13356.560814183744
30284,11318,0.37372870162462024,20240322_Plate1_G09.fcs,G09,AAH_ONT_20230518_035_FC_E1,5436.189416532351,5436189.416532351,14545.817307851716
12696,4641,0.3655482041587902,20240322_Plate1_G10.fcs,G10,AAH_ONT_20230516_048_FC_B1,2229.135455215289,2229135.455215289,6098.061568501035
11782,3589,0.30461721269733494,20240322_Plate1_G11.fcs,G11,AAH_ONT_20230925_055_FC_M2,1723.8455394888324,1723845.5394888325,5659.054930693069
10155,2696,0.2654849827671098,20240322_Plate1_G12.fcs,G12,AAH_ONT_20230926_041_FC_B2,1294.9254874510707,1294925.4874510707,4877.58469030624
15081,5410,0.3587295272196804,20240322_Plate1_H01.fcs,H01,AAH_ONT_20230518_035_FC_B1,2598.4966198480315,2598496.6198480316,7243.609523831453
31090,11676,0.37555484078481827,20240322_Plate1_H02.fcs,H02,AAH_ONT_20230923_066_FC_E2,5608.141688233941,5608141.688233941,14932.950075984343
13361,5076,0.37991168325724123,20240322_Plate1_H03.fcs,H03,AAH_ONT_20230516_048_FC_B2,2438.0718747409624,2438071.8747409624,6417.470117890858
11000,4418,0.4016363636363636,20240322_Plate1_H04.fcs,H04,AAH_ONT_20230517_055_FC_M1,2122.0255206078746,2122025.5206078747,5283.4496891549625
10431,3409,0.3268143035183587,20240322_Plate1_H05.fcs,H05,AAH_ONT_20230516_064_FC_B1,1637.389090029933,1637389.090029933,5010.151246143219
29758,11834,0.3976745749042274,20240322_Plate1_H06.fcs,H06,AAH_ONT_20230926_048_FC_B2,5684.03123831453,5684031.23831453,14293.172349988488
16283,5875,0.36080574832647544,20240322_Plate1_H07.fcs,H07,AAH_ONT_20230517_041_FC_M2,2821.8424476168548,2821842.4476168547,7820.9464807736595
27601,11001,0.39857251548856926,20240322_Plate1_H08.fcs,H08,AAH_ONT_20230927_029_FC_E1,5283.930002763067,5283930.002763067,13257.13589730601
30640,12512,0.408355091383812,20240322_Plate1_H09.fcs,H09,AAH_ONT_20230926_048_FC_E1,6009.683864609716,6009683.8646097155,14716.808952337096
12865,4670,0.36300038865137974,20240322_Plate1_H10.fcs,H10,AAH_ONT_20230516_048_FC_B1,2243.0645498503336,2243064.5498503335,6179.23456827078
12002,3753,0.31269788368605234,20240322_Plate1_H11.fcs,H11,AAH_ONT_20230925_055_FC_M2,1802.6169712180522,1802616.971218052,5764.723924476169
33382,13396,0.40129411059852615,20240325_Plate2_A02.fcs,A02,AAH_ONT_20230926_048_FC_B1,6434.281094174534,6434281.094174534,16033.828865760994
17798,6131,0.3444769075176986,20240325_Plate2_A03.fcs,A03,AAH_ONT_20230517_041_FC_M1,2944.8027312917334,2944802.731291733,8548.621597052728
15601,5564,0.3566438048843023,20240325_Plate2_A04.fcs,A04,AAH_ONT_20230518_029_FC_M1,2672.464915496201,2672464.915496201,7493.372600046051
13980,3813,0.27274678111587985,20240325_Plate2_A05.fcs,A05,AAH_ONT_20230926_038_FC_B2,1831.435787704352,1831435.7877043518,6714.7842413078515
14526,4357,0.2999449263389784,20240325_Plate2_A06.fcs,A06,AAH_ONT_20230926_041_FC_M1,2092.7263905134696,2092726.3905134697,6977.035471333179
33622,13343,0.39685325084765927,20240325_Plate2_A07.fcs,A07,AAH_ONT_20230926_048_FC_E2,6408.824472944969,6408824.472944969,16149.104131706192
38871,16342,0.42041624861722104,20240325_Plate2_A08.fcs,A08,AAH_ONT_20230927_017_FC_B1,7849.2849836518535,7849284.983651853,18670.270260649322
17805,7094,0.3984274080314518,20240325_Plate2_A09.fcs,A09,AAH_ONT_20230518_033_FC_M1,3407.344735896845,3407344.7358968453,8551.983792309464
18353,7711,0.4201492943932872,20240325_Plate2_A10.fcs,A10,AAH_ONT_20230516_064_FC_M2,3703.698232097628,3703698.232097628,8815.195649551
22167,7338,0.33103261605088646,20240325_Plate2_A11.fcs,A11,AAH_ONT_20230518_035_FC_B2,3524.5412562744646,3524541.2562744645,10647.11175086346
31053,12173,0.39200721347373846,20240325_Plate2_A12.fcs,A12,AAH_ONT_20230926_043_FC_E1,5846.8575514621225,5846857.551462122,14915.178472484458
32887,12881,0.39167452184753854,20240325_Plate2_B02.fcs,B02,AAH_ONT_20230926_048_FC_B1,6186.91958600046,6186919.58600046,15796.073629749018
9671,2575,0.2662599524351153,20240325_Plate2_B03.fcs,B03,AAH_ONT_20230927_033_FC_B2,1236.807540870366,1236807.540870366,4645.11290398342
15100,5299,0.3509271523178808,20240325_Plate2_B04.fcs,B04,AAH_ONT_20230518_029_FC_M1,2545.181809348377,2545181.809348377,7252.7354823854475
13923,3747,0.26912303382891617,20240325_Plate2_B05.fcs,B05,AAH_ONT_20230926_038_FC_B2,1799.735089569422,1799735.089569422,6687.406365645867
28602,10510,0.3674568212013146,20240325_Plate2_B06.fcs,B06,AAH_ONT_20230516_066_FC_E1,5048.096021183514,5048096.021183514,13737.929819019111
33653,13395,0.3980328648263156,20240325_Plate2_B07.fcs,B07,AAH_ONT_20230926_048_FC_E2,6433.800780566429,6433800.780566429,16163.99385355745
38181,16022,0.41963280165527356,20240325_Plate2_B08.fcs,B08,AAH_ONT_20230927_017_FC_B1,7695.584629058255,7695584.629058255,18338.853871056876
15780,4720,0.2991128010139417,20240325_Plate2_B09.fcs,B09,AAH_ONT_20230926_038_FC_E2,2267.0802302555835,2267080.2302555833,7579.348735896845
18163,7616,0.41931398997962893,20240325_Plate2_B10.fcs,B10,AAH_ONT_20230516_064_FC_M2,3658.068439327654,3658068.439327654,8723.936064011052
22082,7270,0.32922742505207864,20240325_Plate2_B11.fcs,B11,AAH_ONT_20230518_035_FC_B2,3491.8799309233245,3491879.9309233245,10606.285094174535
11955,3764,0.3148473442074446,20240325_Plate2_B12.fcs,B12,AAH_ONT_20230923_064_FC_M1,1807.900420907207,1807900.420907207,5742.149184895234
35505,14226,0.4006759611322349,20240325_Plate2_C01.fcs,C01,AAH_ONT_20230926_041_FC_E2,6832.941388901681,6832941.388901682,17053.5346557679
32636,12949,0.3967704375536218,20240325_Plate2_C02.fcs,C02,AAH_ONT_20230926_048_FC_B1,6219.580911351601,6219580.911351601,15675.514914114667
9850,2493,0.2530964467005076,20240325_Plate2_C03.fcs,C03,AAH_ONT_20230927_033_FC_B2,1197.4218250057565,1197421.8250057565,4731.089039834216
15448,4720,0.30554117037804246,20240325_Plate2_C04.fcs,C04,AAH_ONT_20230925_055_FC_M1,2267.0802302555835,2267080.2302555833,7419.884618005985
14049,3824,0.2721901914727027,20240325_Plate2_C05.fcs,C05,AAH_ONT_20230926_038_FC_B2,1836.7192373935068,1836719.2373935068,6747.9258802670965
29208,10769,0.368700356066831,20240325_Plate2_C06.fcs,C06,AAH_ONT_20230516_066_FC_E1,5172.497245682708,5172497.245682708,14028.99986553074
12055,3288,0.27274989630858565,20240325_Plate2_C07.fcs,C07,AAH_ONT_20230925_055_FC_B2,1579.271143449229,1579271.143449229,5790.180545705734
38822,16311,0.420148369481222,20240325_Plate2_C08.fcs,C08,AAH_ONT_20230927_017_FC_B1,7834.395261800599,7834395.261800598,18646.734893852175
15458,4720,0.3053435114503817,20240325_Plate2_C09.fcs,C09,AAH_ONT_20230926_038_FC_E2,2267.0802302555835,2267080.2302555833,7424.6877540870355
32718,13745,0.42010514090103307,20240325_Plate2_C10.fcs,C10,AAH_ONT_20230923_064_FC_E2,6601.910543403177,6601910.5434031775,15714.900629979275
21926,7166,0.32682659855878865,20240325_Plate2_C11.fcs,C11,AAH_ONT_20230518_035_FC_B2,3441.927315680405,3441927.315680405,10531.356171310155
11643,3722,0.31967705917718803,20240325_Plate2_C12.fcs,C12,AAH_ONT_20230923_064_FC_M1,1787.727249366797,1787727.249366797,5592.291339166474
33882,13703,0.4044330322885308,20240325_Plate2_D01.fcs,D01,AAH_ONT_20230926_041_FC_E2,6581.737371862768,6581737.371862768,16273.985669813492
13965,4534,0.3246688148943788,20240325_Plate2_D02.fcs,D02,AAH_ONT_20230519_012_FC_B2,2177.7418991480545,2177741.8991480544,6707.579537186277
9927,2611,0.26302004633826936,20240325_Plate2_D03.fcs,D03,AAH_ONT_20230927_033_FC_B2,1254.0988307621458,1254098.8307621458,4768.073187658301
15236,4542,0.2981097400892623,20240325_Plate2_D04.fcs,D04,AAH_ONT_20230925_055_FC_M1,2181.5844080128945,2181584.4080128944,7318.058133087727
13817,5023,0.36353767098501844,20240325_Plate2_D05.fcs,D05,AAH_ONT_20230927_012_FC_M2,2412.615253511398,2412615.253511398,6636.493123186737
28546,10427,0.3652700903804386,20240325_Plate2_D06.fcs,D06,AAH_ONT_20230516_066_FC_E1,5008.229991710799,5008229.9917108,13711.032256965233
12216,3297,0.2698919449901768,20240325_Plate2_D07.fcs,D07,AAH_ONT_20230925_055_FC_B2,1583.5939659221735,1583593.9659221736,5867.511036610638
37385,14427,0.38590343720743614,20240325_Plate2_D08.fcs,D08,AAH_ONT_20230923_062_FC_B1,6929.484424130786,6929484.424130785,17956.52423900529
15651,4751,0.30355887802696313,20240325_Plate2_D09.fcs,D09,AAH_ONT_20230926_038_FC_E2,2281.9699521068387,2281969.9521068386,7517.3882804513005
31389,12944,0.41237376150880883,20240325_Plate2_D10.fcs,D10,AAH_ONT_20230923_064_FC_E2,6217.179343311075,6217179.343311075,15076.563844807735
15600,7382,0.4732051282051282,20240325_Plate2_D11.fcs,D11,AAH_ONT_20230516_064_FC_E1,3545.6750550310844,3545675.0550310845,7492.8922864379465
11634,3621,0.3112429087158329,20240325_Plate2_D12.fcs,D12,AAH_ONT_20230923_064_FC_M1,1739.2155749481924,1739215.5749481923,5587.968516693529
34375,13775,0.4007272727272727,20240325_Plate2_E01.fcs,E01,AAH_ONT_20230926_041_FC_E2,6616.319951646327,6616319.951646327,16510.780278609258
13963,4760,0.34090095251736735,20240325_Plate2_E02.fcs,E02,AAH_ONT_20230519_012_FC_B2,2286.292774579784,2286292.774579784,6706.618909970067
36811,14518,0.3943929803591318,20240325_Plate2_E03.fcs,E03,AAH_ONT_20230926_041_FC_E1,6973.192962468339,6973192.962468339,17680.824227953028
15503,4774,0.30794039863252276,20240325_Plate2_E04.fcs,E04,AAH_ONT_20230925_055_FC_M1,2293.0171650932534,2293017.1650932534,7446.301866451759
13908,5187,0.3729508196721312,20240325_Plate2_E05.fcs,E05,AAH_ONT_20230927_012_FC_M2,2491.386685240617,2491386.685240617,6680.201661524291
35554,13372,0.3761039545480115,20240325_Plate2_E06.fcs,E06,AAH_ONT_20230923_066_FC_B2,6422.753567580014,6422753.567580014,17077.070022565043
12219,3345,0.27375398968819054,20240325_Plate2_E07.fcs,E07,AAH_ONT_20230925_055_FC_B2,1606.6490191112136,1606649.0191112137,5868.951977434954
36530,14154,0.3874623597043526,20240325_Plate2_E08.fcs,E08,AAH_ONT_20230923_062_FC_B1,6798.358809118121,6798358.809118121,17545.856104075523
12077,3391,0.28078165107228614,20240325_Plate2_E09.fcs,E09,AAH_ONT_20230924_717_FC_B1,1628.7434450840433,1628743.4450840433,5800.747445084043
32056,13330,0.4158347891190417,20240325_Plate2_E10.fcs,E10,AAH_ONT_20230923_064_FC_E2,6402.580396039604,6402580.396039604,15396.933021413766
15668,7489,0.4779805973959663,20240325_Plate2_E11.fcs,E11,AAH_ONT_20230516_064_FC_E1,3597.068611098319,3597068.611098319,7525.553611789084
16777,6580,0.3922036120879776,20240325_Plate2_E12.fcs,E12,AAH_ONT_20230515_074_FC_E1,3160.463541330878,3160463.5413308777,8058.221403177527
25313,9478,0.3744321099830127,20240325_Plate2_F01.fcs,F01,AAH_ONT_20230926_035_FC_M1,4552.412377619156,4552412.377619157,12158.178361961776
13975,4573,0.3272271914132379,20240325_Plate2_F02.fcs,F02,AAH_ONT_20230519_012_FC_B2,2196.474129864149,2196474.129864149,6712.382673267327
37017,14767,0.3989248183267147,20240325_Plate2_F03.fcs,F03,AAH_ONT_20230926_041_FC_E1,7092.791050886483,7092791.050886483,17779.768831222656
33725,13029,0.3863306152705708,20240325_Plate2_F04.fcs,F04,AAH_ONT_20230926_043_FC_B1,6258.005999999999,6258005.999999999,16198.576433341006
13533,5100,0.3768565728219907,20240325_Plate2_F05.fcs,F05,AAH_ONT_20230927_012_FC_M2,2449.599401335482,2449599.401335482,6500.084058484918
35619,13426,0.3769336590022179,20240325_Plate2_F06.fcs,F06,AAH_ONT_20230923_066_FC_B2,6448.690502417683,6448690.502417683,17108.290407091874
32999,12982,0.39340586078366013,20240325_Plate2_F07.fcs,F07,AAH_ONT_20230927_029_FC_B1,6235.4312604190645,6235431.260419064,15849.86875385678
37053,14563,0.39303160337894366,20240325_Plate2_F08.fcs,F08,AAH_ONT_20230923_062_FC_B1,6994.807074833064,6994807.074833063,17797.060121114435
11983,3296,0.2750563298005508,20240325_Plate2_F09.fcs,F09,AAH_ONT_20230924_717_FC_B1,1583.1136523140685,1583113.6523140685,5755.597965922172
28821,11464,0.3977655181985358,20240325_Plate2_F10.fcs,F10,AAH_ONT_20230927_012_FC_E2,5506.31520331568,5506315.20331568,13843.118499194105
15266,7162,0.4691471243285733,20240325_Plate2_F11.fcs,F11,AAH_ONT_20230516_064_FC_E1,3440.0060612479847,3440006.061247985,7332.467541330877
17208,6779,0.3939446768944677,20240325_Plate2_F12.fcs,F12,AAH_ONT_20230515_074_FC_E1,3256.045949343771,3256045.949343771,8265.23656827078
25769,9737,0.3778571151383445,20240325_Plate2_G01.fcs,G01,AAH_ONT_20230926_035_FC_M1,4676.813602118351,4676813.602118351,12377.201367257658
17485,6077,0.3475550471833,20240325_Plate2_G02.fcs,G02,AAH_ONT_20230517_041_FC_M1,2918.865796454064,2918865.796454064,8398.283437715863
37218,14543,0.39075178676984257,20240325_Plate2_G03.fcs,G03,AAH_ONT_20230926_041_FC_E1,6985.200802670965,6985200.802670965,17876.31186645176
33695,13274,0.3939456892714053,20240325_Plate2_G04.fcs,G04,AAH_ONT_20230926_043_FC_B1,6375.682833985724,6375682.833985724,16184.167025097857
14590,4498,0.30829335161069227,20240325_Plate2_G05.fcs,G05,AAH_ONT_20230926_041_FC_M1,2160.4506092562747,2160450.6092562745,7007.775542251899
36161,13641,0.37722961201294214,20240325_Plate2_G06.fcs,G06,AAH_ONT_20230923_066_FC_B2,6551.957928160257,6551957.928160258,17368.620382684778
32795,13070,0.39853636225034306,20240325_Plate2_G07.fcs,G07,AAH_ONT_20230927_029_FC_B1,6277.698857932303,6277698.857932303,15751.884777803361
17787,6998,0.3934334064204194,20240325_Plate2_G08.fcs,G08,AAH_ONT_20230518_033_FC_M1,3361.2346295187654,3361234.6295187655,8543.338147363575
12036,3266,0.2713526088401462,20240325_Plate2_G09.fcs,G09,AAH_ONT_20230924_717_FC_B1,1568.7042440709188,1568704.2440709188,5781.054587151739
28204,11317,0.4012551411147355,20240325_Plate2_G10.fcs,G10,AAH_ONT_20230927_012_FC_E2,5435.7091029242465,5435709.102924246,13546.765002993321
31847,12441,0.39064904072597106,20240325_Plate2_G11.fcs,G11,AAH_ONT_20230926_043_FC_E1,5975.581598434263,5975581.598434263,15296.547477319824
17000,6464,0.38023529411764706,20240325_Plate2_G12.fcs,G12,AAH_ONT_20230515_074_FC_E1,3104.7471627906975,3104747.1627906975,8165.331337784942
25726,9644,0.37487366866205396,20240325_Plate2_H01.fcs,H01,AAH_ONT_20230926_035_FC_M1,4632.144436564587,4632144.436564587,12356.547882109142
17759,6200,0.34911875668675035,20240325_Plate2_H02.fcs,H02,AAH_ONT_20230517_041_FC_M1,2977.944370250979,2977944.370250979,8529.889366336633
14962,5165,0.3452078599117765,20240325_Plate2_H03.fcs,H03,AAH_ONT_20230518_029_FC_M1,2480.8197858623075,2480819.7858623075,7186.452204466958
34001,13416,0.39457663009911476,20240325_Plate2_H04.fcs,H04,AAH_ONT_20230926_043_FC_B1,6443.887366336633,6443887.366336633,16331.142989177988
14179,4319,0.3046054023555963,20240325_Plate2_H05.fcs,H05,AAH_ONT_20230926_041_FC_M1,2074.47447340548,2074474.4734054797,6810.366649320746
33480,13506,0.40340501792114697,20240325_Plate2_H06.fcs,H06,AAH_ONT_20230926_048_FC_E2,6487.115591066084,6487115.591066084,16080.899599355283
32962,13037,0.3955160487834476,20240325_Plate2_H07.fcs,H07,AAH_ONT_20230927_029_FC_B1,6261.8485088648395,6261848.50886484,15832.097150356896
17440,6883,0.39466743119266057,20240325_Plate2_H08.fcs,H08,AAH_ONT_20230518_033_FC_M1,3305.9985645866914,3305998.5645866916,8376.66932535114
17994,7606,0.42269645437368014,20240325_Plate2_H09.fcs,H09,AAH_ONT_20230516_064_FC_M2,3653.2653032466037,3653265.303246604,8642.763064241308
28359,11370,0.40093092140061354,20240325_Plate2_H10.fcs,H10,AAH_ONT_20230927_012_FC_E2,5461.165724153811,5461165.724153811,13621.213612249598
31549,12513,0.39662112903737046,20240325_Plate2_H11.fcs,H11,AAH_ONT_20230926_043_FC_E1,6010.164178217822,6010164.178217822,15153.414022104535
21847,9899,0.4531056895683618,20240329_Plate3_A02.fcs,A02,AAH_ONT_20230519_012_FC_M2,4754.624406631361,4754624.406631361,10493.41139626986
18697,7618,0.40744504465957104,20240329_Plate3_A03.fcs,A03,AAH_ONT_20230517_055_FC_E1,3659.0290665438633,3659029.066543863,8980.4235307391209
12499,3430,0.2744219537563005,20240329_Plate3_A04.fcs,A04,AAH_ONT_20230516_064_FC_B2,1647.475675800138,1647475.6758001382,6003.439787704351
25945,11102,0.42790518404316824,20240329_Plate3_A05.fcs,A05,AAH_ONT_20230927_008_FC_E1,5332.441677181672,5332441.677181672,12461.736562284135
11872,3454,0.2909366576819407,20240329_Plate3_A06.fcs,A06,AAH_ONT_20230923_064_FC_B2,1659.0032023946578,1659003.2023946578,5702.283155422519
26879,10921,0.40630231779456083,20240329_Plate3_A07.fcs,A07,AAH_ONT_20230926_035_FC_E1,5245.504914114667,5245504.914114667,12910.349472254202
12940,3976,0.3072642967542504,20240329_Plate3_A08.fcs,A08,AAH_ONT_20230924_717_FC_M2,1909.7269058254665,1909726.9058254664,6215.258088878656
12023,4415,0.36721284205273225,20240329_Plate3_A09.fcs,A09,AAH_ONT_20230927_012_FC_M1,2120.5845797835595,2120584.57978356,5774.810510246373
30748,12654,0.41153896188369976,20240329_Plate3_A10.fcs,A10,AAH_ONT_20230924_717_FC_E2,6077.888396960627,6077888.396960626,14768.682822012432
21162,9177,0.43365466402041397,20240329_Plate3_A11.fcs,A11,AAH_ONT_20230927_012_FC_E1,4407.837981579553,4407837.981579553,10164.396574717937
15869,6155,0.38786312937173106,20240329_Plate3_A12.fcs,A12,AAH_ONT_20230517_043_FC_E1,2956.3302578862535,2956330.2578862538,7622.09664701819
21603,9841,0.45553858260426794,20240329_Plate3_B02.fcs,B02,AAH_ONT_20230519_012_FC_M2,4726.766217361271,4726766.21736127,10376.21487589224
38140,15951,0.41822233875196646,20240329_Plate3_B03.fcs,B03,AAH_ONT_20230927_017_FC_E1,7661.4823628828,7661482.3628827995,18319.161013124565
12473,3359,0.2693016916539726,20240329_Plate3_B04.fcs,B04,AAH_ONT_20230516_064_FC_B2,1613.3734096246835,1613373.4096246834,5990.951633893622
26127,11465,0.43881808091246605,20240329_Plate3_B05.fcs,B05,AAH_ONT_20230927_008_FC_E1,5506.795516923785,5506795.516923785,12549.153638959244
22239,9764,0.4390485183686317,20240329_Plate3_B06.fcs,B06,AAH_ONT_20230519_012_FC_E2,4689.782069537186,4689782.069537186,10681.694330647017
27071,11027,0.4073362638986369,20240329_Plate3_B07.fcs,B07,AAH_ONT_20230926_035_FC_E1,5296.418156573796,5296418.156573797,13002.569685010361
13361,4236,0.31704213756455357,20240329_Plate3_B08.fcs,B08,AAH_ONT_20230924_717_FC_M2,2034.6084439327653,2034608.4439327654,6417.470117890858
12142,3318,0.27326634821281504,20240329_Plate3_B09.fcs,B09,AAH_ONT_20230517_055_FC_B2,1593.6805516923785,1593680.5516923785,5831.967829610868
30720,12653,0.41188151041666665,20240329_Plate3_B10.fcs,B10,AAH_ONT_20230924_717_FC_E2,6077.408083352521,6077408.083352521,14755.234040985493
21185,9222,0.4353080009440642,20240329_Plate3_B11.fcs,B11,AAH_ONT_20230927_012_FC_E1,4429.452093944278,4429452.093944279,10175.443787704351
23170,9983,0.4308588692274493,20240329_Plate3_B12.fcs,B12,AAH_ONT_20230927_008_FC_B2,4794.97074971218,4794970.74971218,11128.86629979277
11925,3948,0.3310691823899371,20240329_Plate3_C01.fcs,C01,AAH_ONT_20230519_012_FC_B1,1896.2781247985263,1896278.1247985263,5727.739776652084
21753,9826,0.45170781041695396,20240329_Plate3_C02.fcs,C02,AAH_ONT_20230519_012_FC_M2,4719.561513239696,4719561.513239696,10448.261917107991
38626,16477,0.42657795267436444,20240329_Plate3_C03.fcs,C03,AAH_ONT_20230927_017_FC_E1,7914.127320746028,7914127.320746028,18552.593426663596
31025,12119,0.3906204673650282,20240329_Plate3_C04.fcs,C04,AAH_ONT_20230926_035_FC_E2,5820.920616624453,5820920.616624453,14901.729691457516
26367,11285,0.4279971176091326,20240329_Plate3_C05.fcs,C05,AAH_ONT_20230927_008_FC_E1,5420.339067464886,5420339.067464886,12664.428904904442
21764,9647,0.4432549163756662,20240329_Plate3_C06.fcs,C06,AAH_ONT_20230519_012_FC_E2,4633.585377388901,4633585.377388901,10453.545366797145
36362,15445,0.42475661404763215,20240329_Plate3_C07.fcs,C07,AAH_ONT_20230927_008_FC_E2,7418.443677181672,7418443.677181671,17465.163417913882
13311,4195,0.31515288107580197,20240329_Plate3_C08.fcs,C08,AAH_ONT_20230924_717_FC_M2,2014.9155860004605,2014915.5860004604,6393.45443748561
12150,3492,0.2874074074074074,20240329_Plate3_C09.fcs,C09,AAH_ONT_20230517_055_FC_B2,1677.255119502648,1677255.119502648,5835.810338475708
13570,4239,0.31238025055268975,20240329_Plate3_C10.fcs,C10,AAH_ONT_20230924_717_FC_M1,2036.0493847570804,2036049.3847570803,6517.855661984802
21032,9044,0.4300114111829593,20240329_Plate3_C11.fcs,C11,AAH_ONT_20230927_012_FC_E1,4343.956271701589,4343956.271701589,10101.955805664287
23301,10167,0.4363332045834943,20240329_Plate3_C12.fcs,C12,AAH_ONT_20230927_008_FC_B2,4883.3484536035,4883348.4536035005,11191.787382454526
12002,3961,0.330028328611898,20240329_Plate3_D01.fcs,D01,AAH_ONT_20230519_012_FC_B1,1902.522201703891,1902522.201703891,5764.723924476169
31463,12607,0.4006928773479961,20240329_Plate3_D02.fcs,D02,AAH_ONT_20230927_029_FC_M1,6055.313657379692,6055313.6573796915,15112.107051807507
37209,15675,0.4212690478110135,20240329_Plate3_D03.fcs,D03,AAH_ONT_20230927_017_FC_E1,7528.915807045821,7528915.807045821,17871.989043978814
30400,11881,0.3908223684210526,20240329_Plate3_D04.fcs,D04,AAH_ONT_20230926_035_FC_E2,5706.605977895464,5706605.977895464,14601.533686391895
21125,7975,0.37751479289940826,20240329_Plate3_D05.fcs,D05,AAH_ONT_20230926_035_FC_B1,3830.501024637347,3830501.024637347,10146.624971218052
22137,9818,0.4435108641640692,20240329_Plate3_D06.fcs,D06,AAH_ONT_20230519_012_FC_E2,4715.719004374855,4715719.004374855,10632.702342620309
35364,14849,0.4198902839045357,20240329_Plate3_D07.fcs,D07,AAH_ONT_20230927_008_FC_E2,7132.176766751093,7132176.766751093,16985.810437025095
13713,4358,0.3178006271421279,20240329_Plate3_D08.fcs,D08,AAH_ONT_20230518_029_FC_B1,2093.2067041215746,2093206.7041215745,6586.540507943818
12152,3485,0.2867840684660961,20240329_Plate3_D09.fcs,D09,AAH_ONT_20230517_055_FC_B2,1673.8929242459128,1673892.9242459128,5836.770965691917
13183,4248,0.3222331790942881,20240329_Plate3_D10.fcs,D10,AAH_ONT_20230924_717_FC_M1,2040.3722072300257,2040372.2072300257,6331.97429564817
13893,4403,0.3169221910314547,20240329_Plate3_D11.fcs,D11,AAH_ONT_20230518_029_FC_B2,2114.8208164862995,2114820.8164862995,6672.996957402716
23004,10112,0.4395757259607025,20240329_Plate3_D12.fcs,D12,AAH_ONT_20230927_008_FC_B2,4856.931205157724,4856931.205157724,11049.134240847341
11660,3943,0.3381646655231561,20240329_Plate3_E01.fcs,E01,AAH_ONT_20230519_012_FC_B1,1893.8765567580015,1893876.5567580014,5600.456670504259
31730,12888,0.40617711944531987,20240329_Plate3_E02.fcs,E02,AAH_ONT_20230927_029_FC_M1,6190.281781257195,6190281.7812571945,15240.350785171539
34203,13499,0.3946729819021723,20240329_Plate3_E03.fcs,E03,AAH_ONT_20230923_066_FC_E1,6483.753395809349,6483753.395809349,16428.166338015195
30229,11708,0.3873101988157068,20240329_Plate3_E04.fcs,E04,AAH_ONT_20230926_035_FC_E2,5623.5117236933,5623511.7236933,14519.400059405942
21133,7814,0.3697534661429991,20240329_Plate3_E05.fcs,E05,AAH_ONT_20230926_035_FC_B1,3753.170533732443,3753170.533732443,10150.46748008289
31474,11996,0.38113998856198766,20240329_Plate3_E06.fcs,E06,AAH_ONT_20230518_038_FC_E1,5761.8420428275385,5761842.042827538,15117.390501496662
35690,15121,0.42367609974782855,20240329_Plate3_E07.fcs,E07,AAH_ONT_20230927_008_FC_E2,7262.822068155651,7262822.068155651,17142.392673267328
13813,4345,0.31455874900456093,20240329_Plate3_E08.fcs,E08,AAH_ONT_20230518_029_FC_B1,2086.96262721621,2086962.62721621,6634.571868754317
18883,7653,0.40528517714346235,20240329_Plate3_E09.fcs,E09,AAH_ONT_20230517_041_FC_E2,3675.8400428275386,3675840.0428275387,9069.76186184665
13624,4393,0.32244568408690544,20240329_Plate3_E10.fcs,E10,AAH_ONT_20230924_717_FC_M1,2110.0176804052494,2110017.6804052494,6543.792596822473
13955,4479,0.3209602293084916,20240329_Plate3_E11.fcs,E11,AAH_ONT_20230518_029_FC_B2,2151.3246507022795,2151324.6507022795,6702.776401105226
14638,5648,0.38584506080065584,20240329_Plate3_E12.fcs,E12,AAH_ONT_20230517_043_FC_E2,2712.8112585770205,2712811.2585770204,7030.83059544094
30560,12418,0.406348167539267,20240329_Plate3_F01.fcs,F01,AAH_ONT_20230927_029_FC_B2,5964.534385447847,5964534.385447847,14678.383863688694
32017,13048,0.40753349782927817,20240329_Plate3_F02.fcs,F02,AAH_ONT_20230927_029_FC_M1,6267.131958553995,6267131.958553995,15378.200790697676
33830,13238,0.39130948861956844,20240329_Plate3_F03.fcs,F03,AAH_ONT_20230923_066_FC_E1,6358.391544093944,6358391.544093943,16249.009362192033
24496,11682,0.47689418680600915,20240329_Plate3_F04.fcs,F04,AAH_ONT_20230518_033_FC_E2,5611.023569882569,5611023.569882569,11765.762144139995
20931,7949,0.379771630595767,20240329_Plate3_F05.fcs,F05,AAH_ONT_20230926_035_FC_B1,3818.012870826618,3818012.870826618,10053.444131245682
31831,12221,0.38393390091420315,20240329_Plate3_F06.fcs,F06,AAH_ONT_20230518_038_FC_E1,5869.912604651163,5869912.604651162,15288.862459590146
9915,2638,0.26606152294503277,20240329_Plate3_F07.fcs,F07,AAH_ONT_20230927_033_FC_B1,1267.067298180981,1267067.298180981,4762.30942436104
14331,4680,0.3265647896169144,20240329_Plate3_F08.fcs,F08,AAH_ONT_20230518_029_FC_B1,2247.8676859313837,2247867.6859313836,6883.374317752705
18920,7491,0.39593023255813953,20240329_Plate3_F09.fcs,F09,AAH_ONT_20230517_041_FC_E2,3598.0292383145297,3598029.23831453,9087.533465346534
29481,11460,0.38872494148773784,20240329_Plate3_F10.fcs,F10,AAH_ONT_20230518_038_FC_M1,5504.393948883259,5504393.94888326,14160.125480543404
14359,4631,0.32251549550804376,20240329_Plate3_F11.fcs,F11,AAH_ONT_20230518_029_FC_B2,2224.3323191342392,2224332.319134239,6896.823098779645
14751,5558,0.376788014371907,20240329_Plate3_F12.fcs,F12,AAH_ONT_20230517_043_FC_E2,2669.5830338475707,2669583.033847571,7085.106033156803
31798,12839,0.40376753254921693,20240329_Plate3_G01.fcs,G01,AAH_ONT_20230927_029_FC_B2,6166.746414460051,6166746.414460051,15273.012110522679
18795,7634,0.40617185421654695,20240329_Plate3_G02.fcs,G02,AAH_ONT_20230517_055_FC_E1,3666.714084273543,3666714.084273543,9027.494264333409
34252,13257,0.38704309237416795,20240329_Plate3_G03.fcs,G03,AAH_ONT_20230923_066_FC_E1,6367.517502647938,6367517.502647938,16451.70170481234
24486,11607,0.474025974025974,20240329_Plate3_G04.fcs,G04,AAH_ONT_20230518_033_FC_E2,5575.000049274694,5575000.049274694,11760.959008058946
12077,3436,0.28450774198890455,20240329_Plate3_G05.fcs,G05,AAH_ONT_20230923_064_FC_B2,1650.3575574487681,1650357.557448768,5800.747445084043
31713,12083,0.3810109418850314,20240329_Plate3_G06.fcs,G06,AAH_ONT_20230518_038_FC_E1,5803.629326732674,5803629.326732674,15232.185453833756
9926,2619,0.26385250856336895,20240329_Plate3_G07.fcs,G07,AAH_ONT_20230927_033_FC_B1,1257.9413396269858,1257941.3396269858,4767.592874050196
12360,4558,0.3687702265372168,20240329_Plate3_G08.fcs,G08,AAH_ONT_20230927_012_FC_M1,2189.269425742574,2189269.425742574,5936.676196177757
18562,7393,0.3982868225406745,20240329_Plate3_G09.fcs,G09,AAH_ONT_20230517_041_FC_E2,3550.9585047202395,3550958.5047202394,8915.581193644946
29506,11387,0.38592150749000204,20240329_Plate3_G10.fcs,G10,AAH_ONT_20230518_038_FC_M1,5469.331055491595,5469331.0554915955,14172.133320746027
15726,6071,0.38604858196617065,20240329_Plate3_G11.fcs,G11,AAH_ONT_20230517_043_FC_E1,2915.983914805434,2915983.9148054337,7553.411801059176
14646,5559,0.37955755837771404,20240329_Plate3_G12.fcs,G12,AAH_ONT_20230517_043_FC_E2,2670.0633474556757,2670063.3474556757,7034.673104305779
32053,12706,0.3964059526409384,20240329_Plate3_H01.fcs,H01,AAH_ONT_20230927_029_FC_B2,6102.864704582085,6102864.704582085,15395.492080589454
19038,7775,0.40839373883811325,20240329_Plate3_H02.fcs,H02,AAH_ONT_20230517_055_FC_E1,3734.438303016348,3734438.3030163483,9144.210471102924
13044,3564,0.2732290708371665,20240329_Plate3_H03.fcs,H03,AAH_ONT_20230516_064_FC_B2,1711.837699286208,1711837.699286208,6265.210704121574
23948,11265,0.47039418740604644,20240329_Plate3_H04.fcs,H04,AAH_ONT_20230518_033_FC_E2,5410.732795302785,5410732.795302785,11502.550286898455
11671,3242,0.2777825379144889,20240329_Plate3_H05.fcs,H05,AAH_ONT_20230923_064_FC_B2,1557.1767174763988,1557176.717476399,5605.740120193414
27347,10822,0.39572896478589975,20240329_Plate3_H06.fcs,H06,AAH_ONT_20230926_035_FC_E1,5197.953866912271,5197953.866912271,13135.13624084734
9509,2634,0.277000736144705,20240329_Plate3_H07.fcs,H07,AAH_ONT_20230927_033_FC_B1,1265.1460437485607,1265146.0437485608,4567.302099470412
12233,4505,0.36826616529060735,20240329_Plate3_H08.fcs,H08,AAH_ONT_20230927_012_FC_M1,2163.8128045130093,2163812.8045130093,5875.676367948422
30647,12484,0.4073481906875061,20240329_Plate3_H09.fcs,H09,AAH_ONT_20230924_717_FC_E2,5996.235083582777,5996235.0835827775,14720.17114759383
28421,11087,0.390098870553464,20240329_Plate3_H10.fcs,H10,AAH_ONT_20230518_038_FC_M1,5325.236973060096,5325236.973060096,13650.993055952107
15522,5824,0.37520938023450584,20240329_Plate3_H11.fcs,H11,AAH_ONT_20230517_043_FC_E1,2797.3464536034994,2797346.4536034996,7455.427825005757
23741,9554,0.40242618255338863,20240402_Plate4_A02.fcs,A02,AAH_ONT_20230517_055_FC_E2,4588.916211835137,4588916.211835137,11403.125370020723
12004,3729,0.31064645118293904,20240402_Plate4_A03.fcs,A03,AAH_ONT_20230927_033_FC_M2,1791.089444623532,1791089.444623532,5765.684551692378
14663,4229,0.2884130123439951,20240402_Plate4_A04.fcs,A04,AAH_ONT_20230927_012_FC_B1,2031.2462486760303,2031246.2486760302,7042.8384356435645
32416,11547,0.3562129812438302,20240402_Plate4_A05.fcs,A05,AAH_ONT_20230923_066_FC_B1,5546.181232788395,5546181.232788395,15569.845920331567
16274,5326,0.32727049281061815,20240402_Plate4_A06.fcs,A06,AAH_ONT_20230518_033_FC_B1,2558.1502767672114,2558150.2767672115,7816.623658300714
31739,12520,0.3944673745234569,20240402_Plate4_A07.fcs,A07,AAH_ONT_20230926_048_FC_M1,6013.526373474557,6013526.373474557,15244.673607644485
29751,11363,0.38193674162213037,20240402_Plate4_A08.fcs,A08,AAH_ONT_20230516_066_FC_E2,5457.803528897076,5457803.528897076,14289.810154731753
11521,3095,0.26863987501084974,20240402_Plate4_A10.fcs,A10,AAH_ONT_20230924_717_FC_B2,1486.570617084964,1486570.617084964,5533.693078977666
11265,2887,0.25628051486906345,20240402_Plate4_A11.fcs,A11,AAH_ONT_20230927_012_FC_B2,1386.665386599125,1386665.3865991249,5410.732795302785
14524,6153,0.42364362434591024,20240402_Plate4_A12.fcs,A12,AAH_ONT_20230515_074_FC_M1,2955.369630670043,2955369.630670043,6976.07484411697
22992,9449,0.41096903270702856,20240402_Plate4_B02.fcs,B02,AAH_ONT_20230517_055_FC_E2,4538.483282984112,4538483.282984111,11043.370477550081
22410,9178,0.40954930834448905,20240402_Plate4_B03.fcs,B03,AAH_ONT_20230517_041_FC_E1,4408.318295187659,4408318.295187659,10763.827957632973
14098,4130,0.2929493545183714,20240402_Plate4_B04.fcs,B04,AAH_ONT_20230927_012_FC_B1,1983.6952014736355,1983695.2014736356,6771.461247064241
33033,11981,0.3626979081524536,20240402_Plate4_B05.fcs,B05,AAH_ONT_20230923_066_FC_B1,5754.637338705964,5754637.338705963,15866.19941653235
11380,3627,0.3187170474516696,20240402_Plate4_B06.fcs,B06,AAH_ONT_20230927_033_FC_M1,1742.0974565968224,1742097.4565968225,5465.968860234861
31734,12665,0.39909875842944476,20240402_Plate4_B07.fcs,B07,AAH_ONT_20230926_048_FC_M1,6083.1718466497805,6083171.846649781,15242.272039603959
29969,11325,0.3778904868363976,20240402_Plate4_B08.fcs,B08,AAH_ONT_20230516_066_FC_E2,5439.551611789086,5439551.611789086,14394.518521298642
30292,12102,0.3995114221576654,20240402_Plate4_B09.fcs,B09,AAH_ONT_20230926_048_FC_M2,5812.755285286669,5812755.28528667,14549.659816716556
12033,3302,0.27441203357433724,20240402_Plate4_B10.fcs,B10,AAH_ONT_20230924_717_FC_B2,1585.9955339626986,1585995.5339626987,5779.613646327423
11117,3012,0.2709364037060358,20240402_Plate4_B11.fcs,B11,AAH_ONT_20230927_012_FC_B2,1446.7045876122495,1446704.5876122494,5339.646381303247
22375,8955,0.40022346368715084,20240402_Plate4_B12.fcs,B12,AAH_ONT_20230516_048_FC_E1,4301.208360580244,4301208.360580243,10747.016981349298
39088,14662,0.37510233319688907,20240402_Plate4_C01.fcs,C01,AAH_ONT_20230923_062_FC_B2,7042.358122035459,7042358.122035459,18774.498313608103
23178,9619,0.41500560876693415,20240402_Plate4_C02.fcs,C02,AAH_ONT_20230517_055_FC_E2,4620.136596361962,4620136.596361962,11132.708808657608
22828,9348,0.4094971088137375,20240402_Plate4_C03.fcs,C03,AAH_ONT_20230517_041_FC_E1,4489.971608565507,4489971.608565507,10964.59904582086
14235,4225,0.2968036529680365,20240402_Plate4_C04.fcs,C04,AAH_ONT_20230517_055_FC_B1,2029.3249942436105,2029324.9942436104,6837.264211374626
32051,11749,0.36657202583382736,20240402_Plate4_C05.fcs,C05,AAH_ONT_20230923_066_FC_B1,5643.204581625605,5643204.581625605,15394.531453373245
11075,3542,0.3198194130925508,20240402_Plate4_C06.fcs,C06,AAH_ONT_20230927_033_FC_M1,1701.2707999078975,1701270.7999078976,5319.473209762836
22486,10391,0.4621097571822467,20240402_Plate4_C07.fcs,C07,AAH_ONT_20230519_012_FC_M1,4990.938701819018,4990938.701819018,10800.331791848952
29632,11340,0.3826943844492441,20240402_Plate4_C08.fcs,C08,AAH_ONT_20230516_066_FC_E2,5446.75631591066,5446756.315910661,14232.652835367257
29959,11961,0.39924563570212623,20240402_Plate4_C09.fcs,C09,AAH_ONT_20230926_048_FC_M2,5745.031066543863,5745031.066543863,14389.71538521759
17622,5871,0.33316309159005786,20240402_Plate4_C10.fcs,C10,AAH_ONT_20230517_041_FC_B2,2819.9211931844347,2819921.193184435,8464.086402026249
11047,2917,0.2640535892097402,20240402_Plate4_C11.fcs,C11,AAH_ONT_20230927_012_FC_B2,1401.0747948422752,1401074.794842275,5306.024428735897
22060,8802,0.39900271985494107,20240402_Plate4_C12.fcs,C12,AAH_ONT_20230516_048_FC_E1,4227.72037854018,4227720.37854018,10595.718194796224
38763,14498,0.3740164589944019,20240402_Plate4_D01.fcs,D01,AAH_ONT_20230923_062_FC_B2,6963.58669030624,6963586.69030624,18618.39639097398
21966,9713,0.4421833743057452,20240402_Plate4_D02.fcs,D02,AAH_ONT_20230519_012_FC_E1,4665.286075523832,4665286.075523832,10550.568715634354
23058,9464,0.41044323011536127,20240402_Plate4_D03.fcs,D03,AAH_ONT_20230517_041_FC_E1,4545.687987105687,4545687.987105687,11075.071175685012
14327,4222,0.2946883506665736,20240402_Plate4_D04.fcs,D04,AAH_ONT_20230517_055_FC_B1,2027.8840534192952,2027884.0534192952,6881.453063320285
11669,3254,0.2788585140114834,20240402_Plate4_D05.fcs,D05,AAH_ONT_20230925_055_FC_B1,1562.9404807736585,1562940.4807736585,5604.779492977204
11548,3656,0.31659161759612053,20240402_Plate4_D06.fcs,D06,AAH_ONT_20230927_033_FC_M1,1756.0265512318674,1756026.5512318674,5546.6615463965
22450,10048,0.44757238307349667,20240402_Plate4_D07.fcs,D07,AAH_ONT_20230519_012_FC_M1,4826.191134239005,4826191.134239005,10783.040501957172
19130,8297,0.4337166753789859,20240402_Plate4_D08.fcs,D08,AAH_ONT_20230516_064_FC_M1,3985.162006447156,3985162.006447156,9188.399323048585
30179,12017,0.39819079492362236,20240402_Plate4_D09.fcs,D09,AAH_ONT_20230926_048_FC_M2,5771.928628597745,5771928.628597745,14495.38437900069
17292,5711,0.33026833217672913,20240402_Plate4_D10.fcs,D10,AAH_ONT_20230517_041_FC_B2,2743.071015887635,2743071.015887635,8305.582911351601
25490,11174,0.43836798744605726,20240402_Plate4_D11.fcs,D11,AAH_ONT_20230927_008_FC_B1,5367.024256965231,5367024.256965231,12243.193870596362
22270,8852,0.397485406376291,20240402_Plate4_D12.fcs,D12,AAH_ONT_20230516_048_FC_E1,4251.736058945428,4251736.058945429,10696.584052498274
40293,15175,0.3766162857071948,20240402_Plate4_E01.fcs,E01,AAH_ONT_20230923_062_FC_B2,7288.759002993323,7288759.002993323,19353.276211374625
21948,9706,0.44222708219427737,20240402_Plate4_E02.fcs,E02,AAH_ONT_20230519_012_FC_E1,4661.923880267097,4661923.880267097,10541.923070688465
16048,5832,0.3634097706879362,20240402_Plate4_E03.fcs,E03,AAH_ONT_20230515_074_FC_B2,2801.1889624683404,2801188.9624683405,7708.072782868984
14771,4339,0.29375126937918894,20240402_Plate4_E04.fcs,E04,AAH_ONT_20230517_055_FC_B1,2084.08074556758,2084080.74556758,7094.712305318904
12056,3430,0.2845056403450564,20240402_Plate4_E05.fcs,E05,AAH_ONT_20230925_055_FC_B1,1647.475675800138,1647475.6758001382,5790.660859313838
31665,12216,0.38578872572240647,20240402_Plate4_E06.fcs,E06,AAH_ONT_20230926_043_FC_B2,5867.511036610638,5867511.036610639,15209.130400644715
22342,10060,0.4502730283770477,20240402_Plate4_E07.fcs,E07,AAH_ONT_20230519_012_FC_M1,4831.954897536265,4831954.897536265,10731.166632281833
19851,8749,0.4407334643091028,20240402_Plate4_E08.fcs,E08,AAH_ONT_20230516_064_FC_M1,4202.263757310614,4202263.757310614,9534.705434492287
29958,11831,0.3949195540423259,20240402_Plate4_E09.fcs,E09,AAH_ONT_20230926_043_FC_E2,5682.590297490214,5682590.297490214,14389.235071609488
17112,5605,0.3275479195885928,20240402_Plate4_E10.fcs,E10,AAH_ONT_20230517_041_FC_B2,2692.157773428505,2692157.7734285053,8219.1264618927
25613,11030,0.43064069027447,20240402_Plate4_E11.fcs,E11,AAH_ONT_20230927_008_FC_B1,5297.859097398112,5297859.097398112,12302.272444393275
20512,7538,0.3674921996879875,20240402_Plate4_E12.fcs,E12,AAH_ONT_20230519_017_FC_E2,3620.6039778954637,3620603.977895464,9852.192729449689
7990,2648,0.3314142678347935,20240402_Plate4_F01.fcs,F01,AAH_ONT_20230923_064_FC_B1,1271.8704342620308,1271870.4342620308,3837.7057287589223
22168,9917,0.44735654998195595,20240402_Plate4_F02.fcs,F02,AAH_ONT_20230519_012_FC_E1,4763.27005157725,4763270.0515772505,10647.592064471562
16105,5626,0.3493325054330953,20240402_Plate4_F03.fcs,F03,AAH_ONT_20230515_074_FC_B2,2702.2443591987103,2702244.3591987104,7735.450658530969
14071,4266,0.3031767464998934,20240402_Plate4_F04.fcs,F04,AAH_ONT_20230926_041_FC_M2,2049.017852175915,2049017.852175915,6758.492779645408
11670,3301,0.28286203941730936,20240402_Plate4_F05.fcs,F05,AAH_ONT_20230925_055_FC_B1,1585.5152203545938,1585515.2203545938,5605.25980658531
31416,12255,0.39008785332314744,20240402_Plate4_F06.fcs,F06,AAH_ONT_20230926_043_FC_B2,5886.243267326732,5886243.267326732,15089.53231222657
17753,7257,0.40877598152424943,20240402_Plate4_F07.fcs,F07,AAH_ONT_20230517_717_FC_E1,3485.63585401796,3485635.85401796,8527.007484688005
19234,8373,0.43532286575855256,20240402_Plate4_F08.fcs,F08,AAH_ONT_20230516_064_FC_M1,4021.665840663136,4021665.840663136,9238.351938291504
30153,11466,0.38026067058004176,20240402_Plate4_F09.fcs,F09,AAH_ONT_20230926_043_FC_E2,5507.275830531891,5507275.830531891,14482.896225189961
24381,9515,0.3902629096427546,20240402_Plate4_F10.fcs,F10,AAH_ONT_20230519_008_FC_E2,4570.183981119042,4570183.981119042,11710.52607920792
25944,11248,0.4335491828553808,20240402_Plate4_F11.fcs,F11,AAH_ONT_20230927_008_FC_B1,5402.567463965,5402567.463965,12461.256248676033
20620,7530,0.36517943743937925,20240402_Plate4_F12.fcs,F12,AAH_ONT_20230519_017_FC_E2,3616.7614690306236,3616761.469030624,9904.066599125028
8601,2803,0.3258923381002209,20240402_Plate4_G01.fcs,G01,AAH_ONT_20230923_064_FC_B1,1346.3190435183053,1346319.0435183053,4131.177343311075
12150,3903,0.32123456790123456,20240402_Plate4_G02.fcs,G02,AAH_ONT_20230927_033_FC_M2,1874.6640124338014,1874664.0124338013,5835.810338475708
17560,6105,0.34766514806378135,20240402_Plate4_G03.fcs,G03,AAH_ONT_20230515_074_FC_B2,2932.314577481004,2932314.577481004,8434.30695832374
14069,4178,0.29696495841921955,20240402_Plate4_G04.fcs,G04,AAH_ONT_20230926_041_FC_M2,2006.7502546626754,2006750.2546626753,6757.532152429197
16484,5396,0.3273477311332201,20240402_Plate4_G05.fcs,G05,AAH_ONT_20230518_033_FC_B1,2591.7722293345614,2591772.2293345616,7917.489516002763
31953,12304,0.38506556504866524,20240402_Plate4_G06.fcs,G06,AAH_ONT_20230926_043_FC_B2,5909.778634123878,5909778.634123878,15347.460719778954
18050,7362,0.4078670360110803,20240402_Plate4_G07.fcs,G07,AAH_ONT_20230517_717_FC_E1,3536.0687828689843,3536068.782868984,8669.660626295186
27058,11222,0.41473870943898294,20240402_Plate4_G08.fcs,G08,AAH_ONT_20230924_717_FC_E1,5390.07931015427,5390079.31015427,12996.325608104997
30995,12137,0.39157928698177125,20240402_Plate4_G09.fcs,G09,AAH_ONT_20230926_043_FC_E2,5829.566261570343,5829566.261570343,14887.320283214367
23944,9266,0.386986301369863,20240402_Plate4_G10.fcs,G10,AAH_ONT_20230519_008_FC_E2,4450.585892700898,4450585.8927008975,11500.629032466037
14715,6386,0.43397893306150187,20240402_Plate4_G11.fcs,G11,AAH_ONT_20230515_074_FC_M1,3067.2827013585083,3067282.7013585083,7067.814743265024
20398,7579,0.37155603490538286,20240402_Plate4_G12.fcs,G12,AAH_ONT_20230519_017_FC_E2,3640.296835827769,3640296.835827769,9797.43697812572
8179,2655,0.32461181073480866,20240402_Plate4_H01.fcs,H01,AAH_ONT_20230923_064_FC_B1,1275.2326295187659,1275232.629518766,3928.485000690767
12385,3946,0.3186112232539362,20240402_Plate4_H02.fcs,H02,AAH_ONT_20230927_033_FC_M2,1895.3174975823165,1895317.4975823164,5948.684036380383
14439,4106,0.2843687235958169,20240402_Plate4_H03.fcs,H03,AAH_ONT_20230927_012_FC_B1,1972.1676748791158,1972167.6748791158,6935.248187428046
13909,4214,0.3029693004529441,20240402_Plate4_H04.fcs,H04,AAH_ONT_20230926_041_FC_M2,2024.0415445544556,2024041.5445544557,6680.681975132397
16523,5469,0.3309931610482358,20240402_Plate4_H05.fcs,H05,AAH_ONT_20230518_033_FC_B1,2626.8351227262265,2626835.1227262267,7936.2217467188575
31294,12289,0.39269508531986963,20240402_Plate4_H06.fcs,H06,AAH_ONT_20230926_048_FC_M1,5902.573930002302,5902573.930002303,15030.934052037763
18266,7571,0.4144859301434359,20240402_Plate4_H07.fcs,H07,AAH_ONT_20230517_717_FC_E1,3636.454326962929,3636454.3269629288,8773.408365645868
26853,11176,0.4161918593825643,20240402_Plate4_H08.fcs,H08,AAH_ONT_20230924_717_FC_E1,5367.984884181442,5367984.884181442,12897.861318443473
11767,3330,0.2829948160108779,20240402_Plate4_H09.fcs,H09,AAH_ONT_20230924_717_FC_B2,1599.4443149896383,1599444.3149896383,5651.850226571495
23503,8984,0.38224907458622304,20240402_Plate4_H10.fcs,H10,AAH_ONT_20230519_008_FC_E2,4315.137455215289,4315137.455215289,11288.810731291735
14324,6053,0.42257749232058084,20240402_Plate4_H11.fcs,H11,AAH_ONT_20230515_074_FC_M1,2907.338269859544,2907338.269859544,6880.012122495969
12546,4031,0.3212976247409533,20240402_Plate5_A02.fcs,A02,AAH_ONT_20230923_064_FC_M2,1936.144154271241,1936144.154271241,6026.014527285286
30911,12402,0.4012163954579276,20240402_Plate5_A03.fcs,A03,AAH_ONT_20230925_055_FC_E2,5956.849367718167,5956849.367718167,14846.973940133548
23742,10350,0.4359363153904473,20240402_Plate5_A04.fcs,A04,AAH_ONT_20230923_064_FC_E1,4971.245843886714,4971245.843886714,11403.60568362883
31156,12153,0.39006932854024906,20240402_Plate5_A05.fcs,A05,AAH_ONT_20230927_029_FC_E2,5837.251279300023,5837251.279300023,14964.650774119273
10152,2694,0.2653664302600473,20240402_Plate5_A06.fcs,A06,AAH_ONT_20230926_033_FC_B2,1293.9648602348607,1293964.8602348608,4876.143749481925
9889,2805,0.2836484983314794,20240402_Plate5_A07.fcs,A07,AAH_ONT_20230926_033_FC_B1,1347.2796707345153,1347279.6707345154,4749.821270550311
12358,3954,0.31995468522414633,20240402_Plate5_B02.fcs,B02,AAH_ONT_20230923_064_FC_M2,1899.1600064471563,1899160.0064471564,5935.7155689615465
20974,7895,0.37641842280919235,20240402_Plate5_B03.fcs,B03,AAH_ONT_20230519_017_FC_E1,3792.075935988947,3792075.9359889473,10074.097616394196
23918,10488,0.43849820219081864,20240402_Plate5_B04.fcs,B04,AAH_ONT_20230923_064_FC_E1,5037.529121805203,5037529.121805203,11488.140878655307
30677,12124,0.3952146559311536,20240402_Plate5_B05.fcs,B05,AAH_ONT_20230927_029_FC_E2,5823.322184664978,5823322.184664978,14734.58055583698
11501,3637,0.3162333710112164,20240402_Plate5_B06.fcs,B06,AAH_ONT_20230926_033_FC_M2,1746.900592677872,1746900.5926778722,5524.086806815565
9705,2632,0.27120041215868107,20240402_Plate5_B07.fcs,B07,AAH_ONT_20230926_033_FC_B1,1264.185416532351,1264185.416532351,4661.443566658992
23629,9588,0.40577256760760083,20240402_Plate5_C01.fcs,C01,AAH_ONT_20230518_035_FC_M1,4605.246874510706,4605246.874510706,11349.330245912963
12419,4044,0.32563008293743456,20240402_Plate5_C02.fcs,C02,AAH_ONT_20230923_064_FC_M2,1942.388231176606,1942388.2311766061,5965.014699055952
21361,7932,0.371330930199897,20240402_Plate5_C03.fcs,C03,AAH_ONT_20230519_017_FC_E1,3809.8475394888324,3809847.5394888325,10259.97898273083
16991,6431,0.37849449708669297,20240402_Plate5_C04.fcs,C04,AAH_ONT_20230517_055_FC_M2,3088.8968137232328,3088896.8137232326,8161.008515311996
31705,12550,0.39583661882983756,20240402_Plate5_C05.fcs,C05,AAH_ONT_20230927_029_FC_E2,6027.935781717706,6027935.7817177065,15228.342944968914
11265,3468,0.30785619174434087,20240402_Plate5_C06.fcs,C06,AAH_ONT_20230926_033_FC_M2,1665.727592908128,1665727.592908128,5410.732795302785
10207,3123,0.3059664935828353,20240402_Plate5_C07.fcs,C07,AAH_ONT_20230926_033_FC_M1,1500.0193981119041,1500019.398111904,4902.5609979277
23430,9623,0.41071276141698676,20240402_Plate5_D01.fcs,D01,AAH_ONT_20230518_035_FC_M1,4622.057850794382,4622057.850794381,11253.74783790007
35439,13974,0.39431135190044864,20240402_Plate5_D02.fcs,D02,AAH_ONT_20230923_062_FC_E1,6711.902359659221,6711902.359659221,17021.833957632974
21818,8229,0.3771656430470254,20240402_Plate5_D03.fcs,D03,AAH_ONT_20230519_017_FC_E1,3952.5006810960167,3952500.681096017,10479.482301634813
16859,6289,0.37303517409098996,20240402_Plate5_D04.fcs,D04,AAH_ONT_20230517_055_FC_M2,3020.6922813723236,3020692.2813723236,8097.607119042136
26789,10186,0.3802306917018179,20240402_Plate5_D05.fcs,D05,AAH_ONT_20230517_717_FC_E2,4892.474412157495,4892474.412157495,12867.121247524754
11441,3530,0.3085394633336247,20240402_Plate5_D06.fcs,D06,AAH_ONT_20230926_033_FC_M2,1695.5070366106377,1695507.0366106376,5495.267990329265
10504,3282,0.3124523990860624,20240402_Plate5_D07.fcs,D07,AAH_ONT_20230926_033_FC_M1,1576.3892618005987,1576389.2618005986,5045.2141395348845
23419,9585,0.40928306076262866,20240402_Plate5_E01.fcs,E01,AAH_ONT_20230518_035_FC_M1,4603.805933686392,4603805.933686391,11248.464388210912
36126,14247,0.39436970602889887,20240402_Plate5_E02.fcs,E02,AAH_ONT_20230923_062_FC_E1,6843.027974671887,6843027.974671887,17351.809406401106
17778,6452,0.3629204634942063,20240402_Plate5_E03.fcs,E03,AAH_ONT_20230518_029_FC_E1,3098.9833994934374,3098983.3994934373,8539.015324890628
16798,6279,0.3737944993451601,20240402_Plate5_E04.fcs,E04,AAH_ONT_20230517_055_FC_M2,3015.889145291273,3015889.145291273,8068.307988947733
26268,9962,0.37924470839043706,20240402_Plate5_E05.fcs,E05,AAH_ONT_20230517_717_FC_E2,4784.884163941976,4784884.163941976,12616.87785770205
34704,13726,0.395516366989396,20240402_Plate5_E06.fcs,E06,AAH_ONT_20230926_033_FC_E2,6592.7845848491825,6592784.5848491825,16668.8034556758
10457,3252,0.3109878550253419,20240402_Plate5_E07.fcs,E07,AAH_ONT_20230926_033_FC_M1,1561.9798535574487,1561979.8535574486,5022.639399953949
11509,3125,0.27152663133200106,20240402_Plate5_F01.fcs,F01,AAH_ONT_20230926_041_FC_B1,1500.980025328114,1500980.025328114,5527.929315680405
35666,13957,0.3913250714966635,20240402_Plate5_F02.fcs,F02,AAH_ONT_20230923_062_FC_E1,6703.737028321437,6703737.028321437,17130.865146672808
18112,6397,0.35319125441696114,20240402_Plate5_F03.fcs,F03,AAH_ONT_20230518_029_FC_E1,3072.5661510476625,3072566.1510476624,8699.440069997696
23779,11526,0.48471340258211026,20240402_Plate5_F04.fcs,F04,AAH_ONT_20230518_033_FC_E1,5536.094647018191,5536094.6470181905,11421.377287128713
26554,10102,0.38043232657979964,20240402_Plate5_F05.fcs,F05,AAH_ONT_20230517_717_FC_E2,4852.128069076675,4852128.069076675,12754.247549620079
34701,13549,0.39044984294400736,20240402_Plate5_F06.fcs,F06,AAH_ONT_20230926_033_FC_E2,6507.7690762145985,6507769.0762145985,16667.362514851484
34701,14144,0.4075963228725397,20240402_Plate5_F07.fcs,F07,AAH_ONT_20230926_033_FC_E1,6793.555673037071,6793555.673037071,16667.362514851484
11688,3134,0.26813826146475017,20240402_Plate5_G01.fcs,G01,AAH_ONT_20230926_041_FC_B1,1505.302847801059,1505302.847801059,5613.905451531199
30626,12071,0.39414223209038074,20240402_Plate5_G02.fcs,G02,AAH_ONT_20230925_055_FC_E2,5797.865563435413,5797865.563435413,14710.084561823624
18163,6669,0.3671750261520674,20240402_Plate5_G03.fcs,G03,AAH_ONT_20230518_029_FC_E1,3203.2114524522217,3203211.452452222,8723.936064011052
23283,11130,0.4780311815487695,20240402_Plate5_G04.fcs,G04,AAH_ONT_20230518_033_FC_E1,5345.890458208612,5345890.458208611,11183.141737508633
10254,2718,0.26506729081334113,20240402_Plate5_G05.fcs,G05,AAH_ONT_20230926_033_FC_B2,1305.4923868293804,1305492.3868293804,4925.1357375086345
33849,13306,0.39309876214954653,20240402_Plate5_G06.fcs,G06,AAH_ONT_20230926_033_FC_E2,6391.052869445084,6391052.869445084,16258.135320746027
34604,13917,0.40217893885099987,20240402_Plate5_G07.fcs,G07,AAH_ONT_20230926_033_FC_E1,6684.524483997237,6684524.483997238,16620.7720948653
11890,3232,0.27182506307821697,20240402_Plate5_H01.fcs,H01,AAH_ONT_20230926_041_FC_B1,1552.3735813953488,1552373.5813953488,5710.92880036841
31096,12327,0.3964175456650373,20240402_Plate5_H02.fcs,H02,AAH_ONT_20230925_055_FC_E2,5920.825847110292,5920825.847110292,14935.831957632972
24697,10971,0.4442239948171843,20240402_Plate5_H03.fcs,H03,AAH_ONT_20230923_064_FC_E1,5269.520594519917,5269520.594519917,11862.305179369101
23592,11256,0.47711088504577825,20240402_Plate5_H04.fcs,H04,AAH_ONT_20230518_033_FC_E1,5406.40997282984,5406409.97282984,11331.558642413078
9954,2664,0.26763110307414106,20240402_Plate5_H05.fcs,H05,AAH_ONT_20230926_033_FC_B2,1279.5554519917107,1279555.4519917108,4781.041655077136
9636,2540,0.2635948526359485,20240402_Plate5_H06.fcs,H06,AAH_ONT_20230926_033_FC_B1,1219.9965645866912,1219996.564586691,4628.301927699747
34953,14053,0.402054187051183,20240402_Plate5_H07.fcs,H07,AAH_ONT_20230926_033_FC_E1,6749.8471346995175,6749847.134699518,16788.401544093944
