Sample_ID,Deployment_ID
AAH_ONT_20230515_074_FC_B1,AAH_ONT_20230515_074_2
AAH_ONT_20230515_074_FC_B1_R,AAH_ONT_20230515_074_2
AAH_ONT_20230515_074_FC_B1_RD,AAH_ONT_20230515_074_2
AAH_ONT_20230515_074_FC_B2,AAH_ONT_20230515_074_2
AAH_ONT_20230515_074_FC_B2_R,AAH_ONT_20230515_074_2
AAH_ONT_20230515_074_FC_B2_RD,AAH_ONT_20230515_074_2
AAH_ONT_20230515_074_FC_E1,AAH_ONT_20230515_074_1
AAH_ONT_20230515_074_FC_E1_R,AAH_ONT_20230515_074_1
AAH_ONT_20230515_074_FC_E1_RD,AAH_ONT_20230515_074_1
AAH_ONT_20230515_074_FC_M1,AAH_ONT_20230515_074_3
AAH_ONT_20230515_074_FC_M1_R,AAH_ONT_20230515_074_3
AAH_ONT_20230515_074_FC_M1_RD,AAH_ONT_20230515_074_3
AAH_ONT_20230515_074_FP_BF1,AAH_ONT_20230515_074_2
AAH_ONT_20230515_074_FP_BF2,AAH_ONT_20230515_074_2
AAH_ONT_20230515_074_FP_BP1,AAH_ONT_20230515_074_2
AAH_ONT_20230515_074_FP_BP2,AAH_ONT_20230515_074_2
AAH_ONT_20230515_074_FP_BW1,AAH_ONT_20230515_074_2
AAH_ONT_20230515_074_FP_BW2,AAH_ONT_20230515_074_2
AAH_ONT_20230515_074_FP_EF1,AAH_ONT_20230515_074_1
AAH_ONT_20230515_074_FP_EP1,AAH_ONT_20230515_074_1
AAH_ONT_20230515_074_FP_EW1,AAH_ONT_20230515_074_1
AAH_ONT_20230515_074_FP_MF1,AAH_ONT_20230515_074_3
AAH_ONT_20230515_074_FP_MP1,AAH_ONT_20230515_074_3
AAH_ONT_20230515_074_FP_MW1,AAH_ONT_20230515_074_3
AAH_ONT_20230516_048_FC_B1,AAH_ONT_20230516_048_2
AAH_ONT_20230516_048_FC_B1_R,AAH_ONT_20230516_048_2
AAH_ONT_20230516_048_FC_B1_RD,AAH_ONT_20230516_048_2
AAH_ONT_20230516_048_FC_B2,AAH_ONT_20230516_048_2
AAH_ONT_20230516_048_FC_B2_R,AAH_ONT_20230516_048_2
AAH_ONT_20230516_048_FC_B2_RD,AAH_ONT_20230516_048_2
AAH_ONT_20230516_048_FC_E1,AAH_ONT_20230516_048_1
AAH_ONT_20230516_048_FC_E1_R,AAH_ONT_20230516_048_1
AAH_ONT_20230516_048_FC_E1_RD,AAH_ONT_20230516_048_1
AAH_ONT_20230516_048_FC_E2,AAH_ONT_20230516_048_1
AAH_ONT_20230516_048_FC_E2_R,AAH_ONT_20230516_048_1
AAH_ONT_20230516_048_FC_E2_RD,AAH_ONT_20230516_048_1
AAH_ONT_20230516_048_FP_BF1,AAH_ONT_20230516_048_2
AAH_ONT_20230516_048_FP_BF2,AAH_ONT_20230516_048_2
AAH_ONT_20230516_048_FP_BP1,AAH_ONT_20230516_048_2
AAH_ONT_20230516_048_FP_BP2,AAH_ONT_20230516_048_2
AAH_ONT_20230516_048_FP_BW1,AAH_ONT_20230516_048_2
AAH_ONT_20230516_048_FP_BW2,AAH_ONT_20230516_048_2
AAH_ONT_20230516_048_FP_EF1,AAH_ONT_20230516_048_1
AAH_ONT_20230516_048_FP_EF2,AAH_ONT_20230516_048_1
AAH_ONT_20230516_048_FP_EP1,AAH_ONT_20230516_048_1
AAH_ONT_20230516_048_FP_EP2,AAH_ONT_20230516_048_1
AAH_ONT_20230516_048_FP_EW1,AAH_ONT_20230516_048_1
AAH_ONT_20230516_048_FP_EW2,AAH_ONT_20230516_048_1
AAH_ONT_20230516_064_FC_B1,AAH_ONT_20230516_064_3
AAH_ONT_20230516_064_FC_B1_R,AAH_ONT_20230516_064_3
AAH_ONT_20230516_064_FC_B1_RD,AAH_ONT_20230516_064_3
AAH_ONT_20230516_064_FC_B2,AAH_ONT_20230516_064_3
AAH_ONT_20230516_064_FC_B2_R,AAH_ONT_20230516_064_3
AAH_ONT_20230516_064_FC_B2_RD,AAH_ONT_20230516_064_3
AAH_ONT_20230516_064_FC_E1,AAH_ONT_20230516_064_1
AAH_ONT_20230516_064_FC_E1_R,AAH_ONT_20230516_064_1
AAH_ONT_20230516_064_FC_E1_RD,AAH_ONT_20230516_064_1
AAH_ONT_20230516_064_FC_E2,AAH_ONT_20230516_064_1
AAH_ONT_20230516_064_FC_E2_R,AAH_ONT_20230516_064_1
AAH_ONT_20230516_064_FC_E2_RD,AAH_ONT_20230516_064_1
AAH_ONT_20230516_064_FC_M1,AAH_ONT_20230516_064_2
AAH_ONT_20230516_064_FC_M1_R,AAH_ONT_20230516_064_2
AAH_ONT_20230516_064_FC_M1_RD,AAH_ONT_20230516_064_2
AAH_ONT_20230516_064_FC_M2,AAH_ONT_20230516_064_2
AAH_ONT_20230516_064_FC_M2_R,AAH_ONT_20230516_064_2
AAH_ONT_20230516_064_FC_M2_RD,AAH_ONT_20230516_064_2
AAH_ONT_20230516_064_FP_BF1,AAH_ONT_20230516_064_3
AAH_ONT_20230516_064_FP_BF2,AAH_ONT_20230516_064_3
AAH_ONT_20230516_064_FP_BP1,AAH_ONT_20230516_064_3
AAH_ONT_20230516_064_FP_BP2,AAH_ONT_20230516_064_3
AAH_ONT_20230516_064_FP_BW1,AAH_ONT_20230516_064_3
AAH_ONT_20230516_064_FP_BW2,AAH_ONT_20230516_064_3
AAH_ONT_20230516_064_FP_EF1,AAH_ONT_20230516_064_1
AAH_ONT_20230516_064_FP_EF2,AAH_ONT_20230516_064_1
AAH_ONT_20230516_064_FP_EP1,AAH_ONT_20230516_064_1
AAH_ONT_20230516_064_FP_EP2,AAH_ONT_20230516_064_1
AAH_ONT_20230516_064_FP_EW1,AAH_ONT_20230516_064_1
AAH_ONT_20230516_064_FP_EW2,AAH_ONT_20230516_064_1
AAH_ONT_20230516_064_FP_MF1,AAH_ONT_20230516_064_2
AAH_ONT_20230516_064_FP_MF2,AAH_ONT_20230516_064_2
AAH_ONT_20230516_064_FP_MP1,AAH_ONT_20230516_064_2
AAH_ONT_20230516_064_FP_MP2,AAH_ONT_20230516_064_2
AAH_ONT_20230516_064_FP_MW1,AAH_ONT_20230516_064_2
AAH_ONT_20230516_064_FP_MW2,AAH_ONT_20230516_064_2
AAH_ONT_20230516_066_FC_E1,AAH_ONT_20230516_066_1
AAH_ONT_20230516_066_FC_E1_R,AAH_ONT_20230516_066_1
AAH_ONT_20230516_066_FC_E1_RD,AAH_ONT_20230516_066_1
AAH_ONT_20230516_066_FC_E2,AAH_ONT_20230516_066_1
AAH_ONT_20230516_066_FC_E2_R,AAH_ONT_20230516_066_1
AAH_ONT_20230516_066_FC_E2_RD,AAH_ONT_20230516_066_1
AAH_ONT_20230516_066_FP_EF1,AAH_ONT_20230516_066_1
AAH_ONT_20230516_066_FP_EF2,AAH_ONT_20230516_066_1
AAH_ONT_20230516_066_FP_EP1,AAH_ONT_20230516_066_1
AAH_ONT_20230516_066_FP_EP2,AAH_ONT_20230516_066_1
AAH_ONT_20230516_066_FP_EW1,AAH_ONT_20230516_066_1
AAH_ONT_20230516_066_FP_EW2,AAH_ONT_20230516_066_1
AAH_ONT_20230517_041_FC_B1,AAH_ONT_20230517_041_3
AAH_ONT_20230517_041_FC_B1_R,AAH_ONT_20230517_041_3
AAH_ONT_20230517_041_FC_B1_RD,AAH_ONT_20230517_041_3
AAH_ONT_20230517_041_FC_B2,AAH_ONT_20230517_041_3
AAH_ONT_20230517_041_FC_B2_R,AAH_ONT_20230517_041_3
AAH_ONT_20230517_041_FC_B2_RD,AAH_ONT_20230517_041_3
AAH_ONT_20230517_041_FC_E1,AAH_ONT_20230517_041_1
AAH_ONT_20230517_041_FC_E1_R,AAH_ONT_20230517_041_1
AAH_ONT_20230517_041_FC_E1_RD,AAH_ONT_20230517_041_1
AAH_ONT_20230517_041_FC_E2,AAH_ONT_20230517_041_1
AAH_ONT_20230517_041_FC_E2_R,AAH_ONT_20230517_041_1
AAH_ONT_20230517_041_FC_E2_RD,AAH_ONT_20230517_041_1
AAH_ONT_20230517_041_FC_M1,AAH_ONT_20230517_041_2
AAH_ONT_20230517_041_FC_M1_R,AAH_ONT_20230517_041_2
AAH_ONT_20230517_041_FC_M1_RD,AAH_ONT_20230517_041_2
AAH_ONT_20230517_041_FC_M2,AAH_ONT_20230517_041_2
AAH_ONT_20230517_041_FC_M2_R,AAH_ONT_20230517_041_2
AAH_ONT_20230517_041_FC_M2_RD,AAH_ONT_20230517_041_2
AAH_ONT_20230517_041_FP_BF1,AAH_ONT_20230517_041_3
AAH_ONT_20230517_041_FP_BF2,AAH_ONT_20230517_041_3
AAH_ONT_20230517_041_FP_BP1,AAH_ONT_20230517_041_3
AAH_ONT_20230517_041_FP_BP2,AAH_ONT_20230517_041_3
AAH_ONT_20230517_041_FP_BW1,AAH_ONT_20230517_041_3
AAH_ONT_20230517_041_FP_BW2,AAH_ONT_20230517_041_3
AAH_ONT_20230517_041_FP_EF1,AAH_ONT_20230517_041_1
AAH_ONT_20230517_041_FP_EF2,AAH_ONT_20230517_041_1
AAH_ONT_20230517_041_FP_EP1,AAH_ONT_20230517_041_1
AAH_ONT_20230517_041_FP_EP2,AAH_ONT_20230517_041_1
AAH_ONT_20230517_041_FP_EW1,AAH_ONT_20230517_041_1
AAH_ONT_20230517_041_FP_EW2,AAH_ONT_20230517_041_1
AAH_ONT_20230517_041_FP_MF1,AAH_ONT_20230517_041_2
AAH_ONT_20230517_041_FP_MF2,AAH_ONT_20230517_041_2
AAH_ONT_20230517_041_FP_MP1,AAH_ONT_20230517_041_2
AAH_ONT_20230517_041_FP_MP2,AAH_ONT_20230517_041_2
AAH_ONT_20230517_041_FP_MW1,AAH_ONT_20230517_041_2
AAH_ONT_20230517_041_FP_MW2,AAH_ONT_20230517_041_2
AAH_ONT_20230517_043_FC_E1,AAH_ONT_20230517_043_1
AAH_ONT_20230517_043_FC_E1_R,AAH_ONT_20230517_043_1
AAH_ONT_20230517_043_FC_E1_RD,AAH_ONT_20230517_043_1
AAH_ONT_20230517_043_FC_E2,AAH_ONT_20230517_043_1
AAH_ONT_20230517_043_FC_E2_R,AAH_ONT_20230517_043_1
AAH_ONT_20230517_043_FC_E2_RD,AAH_ONT_20230517_043_1
AAH_ONT_20230517_043_FP_EF1,AAH_ONT_20230517_043_1
AAH_ONT_20230517_043_FP_EF2,AAH_ONT_20230517_043_1
AAH_ONT_20230517_043_FP_EP1,AAH_ONT_20230517_043_1
AAH_ONT_20230517_043_FP_EP2,AAH_ONT_20230517_043_1
AAH_ONT_20230517_043_FP_EW1,AAH_ONT_20230517_043_1
AAH_ONT_20230517_043_FP_EW2,AAH_ONT_20230517_043_1
AAH_ONT_20230517_055_FC_B1,AAH_ONT_20230517_055_3
AAH_ONT_20230517_055_FC_B1_R,AAH_ONT_20230517_055_3
AAH_ONT_20230517_055_FC_B1_RD,AAH_ONT_20230517_055_3
AAH_ONT_20230517_055_FC_B2,AAH_ONT_20230517_055_3
AAH_ONT_20230517_055_FC_B2_R,AAH_ONT_20230517_055_3
AAH_ONT_20230517_055_FC_B2_RD,AAH_ONT_20230517_055_3
AAH_ONT_20230517_055_FC_E1,AAH_ONT_20230517_055_1
AAH_ONT_20230517_055_FC_E1_R,AAH_ONT_20230517_055_1
AAH_ONT_20230517_055_FC_E1_RD,AAH_ONT_20230517_055_1
AAH_ONT_20230517_055_FC_E2,AAH_ONT_20230517_055_1
AAH_ONT_20230517_055_FC_E2_R,AAH_ONT_20230517_055_1
AAH_ONT_20230517_055_FC_E2_RD,AAH_ONT_20230517_055_1
AAH_ONT_20230517_055_FC_M1,AAH_ONT_20230517_055_2
AAH_ONT_20230517_055_FC_M1_R,AAH_ONT_20230517_055_2
AAH_ONT_20230517_055_FC_M1_RD,AAH_ONT_20230517_055_2
AAH_ONT_20230517_055_FC_M2,AAH_ONT_20230517_055_2
AAH_ONT_20230517_055_FC_M2_R,AAH_ONT_20230517_055_2
AAH_ONT_20230517_055_FC_M2_RD,AAH_ONT_20230517_055_2
AAH_ONT_20230517_055_FP_BF1,AAH_ONT_20230517_055_3
AAH_ONT_20230517_055_FP_BF2,AAH_ONT_20230517_055_3
AAH_ONT_20230517_055_FP_BP1,AAH_ONT_20230517_055_3
AAH_ONT_20230517_055_FP_BP2,AAH_ONT_20230517_055_3
AAH_ONT_20230517_055_FP_BW1,AAH_ONT_20230517_055_3
AAH_ONT_20230517_055_FP_BW2,AAH_ONT_20230517_055_3
AAH_ONT_20230517_055_FP_EF1,AAH_ONT_20230517_055_1
AAH_ONT_20230517_055_FP_EF2,AAH_ONT_20230517_055_1
AAH_ONT_20230517_055_FP_EP1,AAH_ONT_20230517_055_1
AAH_ONT_20230517_055_FP_EP2,AAH_ONT_20230517_055_1
AAH_ONT_20230517_055_FP_EW1,AAH_ONT_20230517_055_1
AAH_ONT_20230517_055_FP_EW2,AAH_ONT_20230517_055_1
AAH_ONT_20230517_055_FP_MF1,AAH_ONT_20230517_055_2
AAH_ONT_20230517_055_FP_MF2,AAH_ONT_20230517_055_2
AAH_ONT_20230517_055_FP_MP1,AAH_ONT_20230517_055_2
AAH_ONT_20230517_055_FP_MP2,AAH_ONT_20230517_055_2
AAH_ONT_20230517_055_FP_MW1,AAH_ONT_20230517_055_2
AAH_ONT_20230517_055_FP_MW2,AAH_ONT_20230517_055_2
AAH_ONT_20230517_717_FC_E1,AAH_ONT_20230517_717_1
AAH_ONT_20230517_717_FC_E1_R,AAH_ONT_20230517_717_1
AAH_ONT_20230517_717_FC_E1_RD,AAH_ONT_20230517_717_1
AAH_ONT_20230517_717_FC_E2,AAH_ONT_20230517_717_1
AAH_ONT_20230517_717_FC_E2_R,AAH_ONT_20230517_717_1
AAH_ONT_20230517_717_FC_E2_RD,AAH_ONT_20230517_717_1
AAH_ONT_20230517_717_FP_EF1,AAH_ONT_20230517_717_1
AAH_ONT_20230517_717_FP_EF2,AAH_ONT_20230517_717_1
AAH_ONT_20230517_717_FP_EP1,AAH_ONT_20230517_717_1
AAH_ONT_20230517_717_FP_EP2,AAH_ONT_20230517_717_1
AAH_ONT_20230517_717_FP_EW1,AAH_ONT_20230517_717_1
AAH_ONT_20230517_717_FP_EW2,AAH_ONT_20230517_717_1
AAH_ONT_20230518_029_FC_B1,AAH_ONT_20230518_029_2
AAH_ONT_20230518_029_FC_B1_R,AAH_ONT_20230518_029_2
AAH_ONT_20230518_029_FC_B1_RD,AAH_ONT_20230518_029_2
AAH_ONT_20230518_029_FC_B2,AAH_ONT_20230518_029_2
AAH_ONT_20230518_029_FC_B2_R,AAH_ONT_20230518_029_2
AAH_ONT_20230518_029_FC_B2_RD,AAH_ONT_20230518_029_2
AAH_ONT_20230518_029_FC_E1,AAH_ONT_20230518_029_3
AAH_ONT_20230518_029_FC_E1_R,AAH_ONT_20230518_029_3
AAH_ONT_20230518_029_FC_E1_RD,AAH_ONT_20230518_029_3
AAH_ONT_20230518_029_FC_M1,AAH_ONT_20230518_029_1
AAH_ONT_20230518_029_FC_M1_R,AAH_ONT_20230518_029_1
AAH_ONT_20230518_029_FC_M1_RD,AAH_ONT_20230518_029_1
AAH_ONT_20230518_029_FP_BF1,AAH_ONT_20230518_029_2
AAH_ONT_20230518_029_FP_BF2,AAH_ONT_20230518_029_2
AAH_ONT_20230518_029_FP_BP1,AAH_ONT_20230518_029_2
AAH_ONT_20230518_029_FP_BP2,AAH_ONT_20230518_029_2
AAH_ONT_20230518_029_FP_BW1,AAH_ONT_20230518_029_2
AAH_ONT_20230518_029_FP_BW2,AAH_ONT_20230518_029_2
AAH_ONT_20230518_029_FP_EF1,AAH_ONT_20230518_029_3
AAH_ONT_20230518_029_FP_EP1,AAH_ONT_20230518_029_3
AAH_ONT_20230518_029_FP_EW1,AAH_ONT_20230518_029_3
AAH_ONT_20230518_029_FP_MF1,AAH_ONT_20230518_029_1
AAH_ONT_20230518_029_FP_MP1,AAH_ONT_20230518_029_1
AAH_ONT_20230518_029_FP_MW1,AAH_ONT_20230518_029_1
AAH_ONT_20230518_033_FC_B1,AAH_ONT_20230518_033_3
AAH_ONT_20230518_033_FC_B1_R,AAH_ONT_20230518_033_3
AAH_ONT_20230518_033_FC_B1_RD,AAH_ONT_20230518_033_3
AAH_ONT_20230518_033_FC_B2,AAH_ONT_20230518_033_3
AAH_ONT_20230518_033_FC_B2_R,AAH_ONT_20230518_033_3
AAH_ONT_20230518_033_FC_B2_RD,AAH_ONT_20230518_033_3
AAH_ONT_20230518_033_FC_E1,AAH_ONT_20230518_033_1
AAH_ONT_20230518_033_FC_E1_R,AAH_ONT_20230518_033_1
AAH_ONT_20230518_033_FC_E1_RD,AAH_ONT_20230518_033_1
AAH_ONT_20230518_033_FC_E2,AAH_ONT_20230518_033_1
AAH_ONT_20230518_033_FC_E2_R,AAH_ONT_20230518_033_1
AAH_ONT_20230518_033_FC_E2_RD,AAH_ONT_20230518_033_1
AAH_ONT_20230518_033_FC_M1,AAH_ONT_20230518_033_2
AAH_ONT_20230518_033_FC_M1_R,AAH_ONT_20230518_033_2
AAH_ONT_20230518_033_FC_M1_RD,AAH_ONT_20230518_033_2
AAH_ONT_20230518_033_FC_M2,AAH_ONT_20230518_033_2
AAH_ONT_20230518_033_FC_M2_R,AAH_ONT_20230518_033_2
AAH_ONT_20230518_033_FC_M2_RD,AAH_ONT_20230518_033_2
AAH_ONT_20230518_033_FP_BF1,AAH_ONT_20230518_033_3
AAH_ONT_20230518_033_FP_BF2,AAH_ONT_20230518_033_3
AAH_ONT_20230518_033_FP_BP1,AAH_ONT_20230518_033_3
AAH_ONT_20230518_033_FP_BP2,AAH_ONT_20230518_033_3
AAH_ONT_20230518_033_FP_BW1,AAH_ONT_20230518_033_3
AAH_ONT_20230518_033_FP_BW2,AAH_ONT_20230518_033_3
AAH_ONT_20230518_033_FP_EF1,AAH_ONT_20230518_033_1
AAH_ONT_20230518_033_FP_EF2,AAH_ONT_20230518_033_1
AAH_ONT_20230518_033_FP_EP1,AAH_ONT_20230518_033_1
AAH_ONT_20230518_033_FP_EP2,AAH_ONT_20230518_033_1
AAH_ONT_20230518_033_FP_EW1,AAH_ONT_20230518_033_1
AAH_ONT_20230518_033_FP_EW2,AAH_ONT_20230518_033_1
AAH_ONT_20230518_033_FP_MF1,AAH_ONT_20230518_033_2
AAH_ONT_20230518_033_FP_MF2,AAH_ONT_20230518_033_2
AAH_ONT_20230518_033_FP_MP1,AAH_ONT_20230518_033_2
AAH_ONT_20230518_033_FP_MP2,AAH_ONT_20230518_033_2
AAH_ONT_20230518_033_FP_MW1,AAH_ONT_20230518_033_2
AAH_ONT_20230518_033_FP_MW2,AAH_ONT_20230518_033_2
AAH_ONT_20230518_035_FC_B1,AAH_ONT_20230518_035_2
AAH_ONT_20230518_035_FC_B1_R,AAH_ONT_20230518_035_2
AAH_ONT_20230518_035_FC_B1_RD,AAH_ONT_20230518_035_2
AAH_ONT_20230518_035_FC_B2,AAH_ONT_20230518_035_2
AAH_ONT_20230518_035_FC_B2_R,AAH_ONT_20230518_035_2
AAH_ONT_20230518_035_FC_B2_RD,AAH_ONT_20230518_035_2
AAH_ONT_20230518_035_FC_E1,AAH_ONT_20230518_035_3
AAH_ONT_20230518_035_FC_E1_R,AAH_ONT_20230518_035_3
AAH_ONT_20230518_035_FC_E1_RD,AAH_ONT_20230518_035_3
AAH_ONT_20230518_035_FC_M1,AAH_ONT_20230518_035_1
AAH_ONT_20230518_035_FC_M1 _R,AAH_ONT_20230518_035_1
AAH_ONT_20230518_035_FC_M1_RD,AAH_ONT_20230518_035_1
AAH_ONT_20230518_035_FP_BF1,AAH_ONT_20230518_035_2
AAH_ONT_20230518_035_FP_BF2,AAH_ONT_20230518_035_2
AAH_ONT_20230518_035_FP_BP1,AAH_ONT_20230518_035_2
AAH_ONT_20230518_035_FP_BP2,AAH_ONT_20230518_035_2
AAH_ONT_20230518_035_FP_BW1,AAH_ONT_20230518_035_2
AAH_ONT_20230518_035_FP_BW2,AAH_ONT_20230518_035_2
AAH_ONT_20230518_035_FP_EF1,AAH_ONT_20230518_035_3
AAH_ONT_20230518_035_FP_EP1,AAH_ONT_20230518_035_3
AAH_ONT_20230518_035_FP_EW1,AAH_ONT_20230518_035_3
AAH_ONT_20230518_035_FP_MF1,AAH_ONT_20230518_035_1
AAH_ONT_20230518_035_FP_MP1,AAH_ONT_20230518_035_1
AAH_ONT_20230518_035_FP_MW1,AAH_ONT_20230518_035_1
AAH_ONT_20230518_038_FC_E1,AAH_ONT_20230518_038_1
AAH_ONT_20230518_038_FC_E1_R,AAH_ONT_20230518_038_1
AAH_ONT_20230518_038_FC_E1_RD,AAH_ONT_20230518_038_1
AAH_ONT_20230518_038_FC_M1,AAH_ONT_20230518_038_2
AAH_ONT_20230518_038_FC_M1_R,AAH_ONT_20230518_038_2
AAH_ONT_20230518_038_FC_M1_RD,AAH_ONT_20230518_038_2
AAH_ONT_20230518_038_FP_EF1,AAH_ONT_20230518_038_1
AAH_ONT_20230518_038_FP_EP1,AAH_ONT_20230518_038_1
AAH_ONT_20230518_038_FP_EW1,AAH_ONT_20230518_038_1
AAH_ONT_20230518_038_FP_MF1,AAH_ONT_20230518_038_2
AAH_ONT_20230518_038_FP_MP1,AAH_ONT_20230518_038_2
AAH_ONT_20230518_038_FP_MW1,AAH_ONT_20230518_038_2
AAH_ONT_20230519_008_FC_E1,AAH_ONT_20230519_008_1
AAH_ONT_20230519_008_FC_E1_R,AAH_ONT_20230519_008_1
AAH_ONT_20230519_008_FC_E1_RD,AAH_ONT_20230519_008_1
AAH_ONT_20230519_008_FC_E2,AAH_ONT_20230519_008_1
AAH_ONT_20230519_008_FC_E2_R,AAH_ONT_20230519_008_1
AAH_ONT_20230519_008_FC_E2_RD,AAH_ONT_20230519_008_1
AAH_ONT_20230519_008_FP_EF1,AAH_ONT_20230519_008_1
AAH_ONT_20230519_008_FP_EF2,AAH_ONT_20230519_008_1
AAH_ONT_20230519_008_FP_EP1,AAH_ONT_20230519_008_1
AAH_ONT_20230519_008_FP_EP2,AAH_ONT_20230519_008_1
AAH_ONT_20230519_008_FP_EW1,AAH_ONT_20230519_008_1
AAH_ONT_20230519_008_FP_EW2,AAH_ONT_20230519_008_1
AAH_ONT_20230519_012_FC_B1,AAH_ONT_20230519_012_3
AAH_ONT_20230519_012_FC_B1_R,AAH_ONT_20230519_012_3
AAH_ONT_20230519_012_FC_B1_RD,AAH_ONT_20230519_012_3
AAH_ONT_20230519_012_FC_B2,AAH_ONT_20230519_012_3
AAH_ONT_20230519_012_FC_B2_R,AAH_ONT_20230519_012_3
AAH_ONT_20230519_012_FC_B2_RD,AAH_ONT_20230519_012_3
AAH_ONT_20230519_012_FC_E1,AAH_ONT_20230519_012_1
AAH_ONT_20230519_012_FC_E1_R,AAH_ONT_20230519_012_1
AAH_ONT_20230519_012_FC_E1_RD,AAH_ONT_20230519_012_1
AAH_ONT_20230519_012_FC_E2,AAH_ONT_20230519_012_1
AAH_ONT_20230519_012_FC_E2_R,AAH_ONT_20230519_012_1
AAH_ONT_20230519_012_FC_E2_RD,AAH_ONT_20230519_012_1
AAH_ONT_20230519_012_FC_M1,AAH_ONT_20230519_012_2
AAH_ONT_20230519_012_FC_M1_R,AAH_ONT_20230519_012_2
AAH_ONT_20230519_012_FC_M1_RD,AAH_ONT_20230519_012_2
AAH_ONT_20230519_012_FC_M2,AAH_ONT_20230519_012_2
AAH_ONT_20230519_012_FC_M2_R,AAH_ONT_20230519_012_2
AAH_ONT_20230519_012_FC_M2_RD,AAH_ONT_20230519_012_2
AAH_ONT_20230519_012_FP_BF1,AAH_ONT_20230519_012_3
AAH_ONT_20230519_012_FP_BF2,AAH_ONT_20230519_012_3
AAH_ONT_20230519_012_FP_BP1,AAH_ONT_20230519_012_3
AAH_ONT_20230519_012_FP_BP2,AAH_ONT_20230519_012_3
AAH_ONT_20230519_012_FP_BW1,AAH_ONT_20230519_012_3
AAH_ONT_20230519_012_FP_BW2,AAH_ONT_20230519_012_3
AAH_ONT_20230519_012_FP_EF1,AAH_ONT_20230519_012_1
AAH_ONT_20230519_012_FP_EF2,AAH_ONT_20230519_012_1
AAH_ONT_20230519_012_FP_EP1,AAH_ONT_20230519_012_1
AAH_ONT_20230519_012_FP_EP2,AAH_ONT_20230519_012_1
AAH_ONT_20230519_012_FP_EW1,AAH_ONT_20230519_012_1
AAH_ONT_20230519_012_FP_EW2,AAH_ONT_20230519_012_1
AAH_ONT_20230519_012_FP_MF1,AAH_ONT_20230519_012_2
AAH_ONT_20230519_012_FP_MF2,AAH_ONT_20230519_012_2
AAH_ONT_20230519_012_FP_MP1,AAH_ONT_20230519_012_2
AAH_ONT_20230519_012_FP_MP2,AAH_ONT_20230519_012_2
AAH_ONT_20230519_012_FP_MW1,AAH_ONT_20230519_012_2
AAH_ONT_20230519_012_FP_MW2,AAH_ONT_20230519_012_2
AAH_ONT_20230519_017_FC_E1,AAH_ONT_20230519_017_1
AAH_ONT_20230519_017_FC_E1_R,AAH_ONT_20230519_017_1
AAH_ONT_20230519_017_FC_E1_RD,AAH_ONT_20230519_017_1
AAH_ONT_20230519_017_FC_E2,AAH_ONT_20230519_017_1
AAH_ONT_20230519_017_FC_E2_R,AAH_ONT_20230519_017_1
AAH_ONT_20230519_017_FC_E2_RD,AAH_ONT_20230519_017_1
AAH_ONT_20230519_017_FP_EF1,AAH_ONT_20230519_017_1
AAH_ONT_20230519_017_FP_EF2,AAH_ONT_20230519_017_1
AAH_ONT_20230519_017_FP_EF3,AAH_ONT_20230519_017_1
AAH_ONT_20230519_017_FP_EF4,AAH_ONT_20230519_017_1
AAH_ONT_20230519_017_FP_EP1,AAH_ONT_20230519_017_1
AAH_ONT_20230519_017_FP_EP2,AAH_ONT_20230519_017_1
AAH_ONT_20230519_017_FP_EP3,AAH_ONT_20230519_017_1
AAH_ONT_20230519_017_FP_EP4,AAH_ONT_20230519_017_1
AAH_ONT_20230519_017_FP_EW1,AAH_ONT_20230519_017_1
AAH_ONT_20230519_017_FP_EW2,AAH_ONT_20230519_017_1
AAH_ONT_20230519_017_FP_EW3,AAH_ONT_20230519_017_1
AAH_ONT_20230519_017_FP_EW4,AAH_ONT_20230519_017_1
AAH_ONT_20230519_000_FP_NW1,NA
AAH_ONT_20230927_008_FP_EW1,AAH_ONT_20230927_008_1
AAH_ONT_20230927_008_FP_EF1,AAH_ONT_20230927_008_1
AAH_ONT_20230927_008_FP_EP1,AAH_ONT_20230927_008_1
AAH_ONT_20230927_008_FP_EW2,AAH_ONT_20230927_008_1
AAH_ONT_20230927_008_FP_EF2,AAH_ONT_20230927_008_1
AAH_ONT_20230927_008_FP_EP2,AAH_ONT_20230927_008_1
AAH_ONT_20230927_008_FC_E1,AAH_ONT_20230927_008_1
AAH_ONT_20230927_008_FC_E2,AAH_ONT_20230927_008_1
AAH_ONT_20230927_008_FP_BW1,AAH_ONT_20230927_008_2
AAH_ONT_20230927_008_FP_BF1,AAH_ONT_20230927_008_2
AAH_ONT_20230927_008_FP_BP1,AAH_ONT_20230927_008_2
AAH_ONT_20230927_008_FP_BW2,AAH_ONT_20230927_008_2
AAH_ONT_20230927_008_FP_BF2,AAH_ONT_20230927_008_2
AAH_ONT_20230927_008_FP_BP2,AAH_ONT_20230927_008_2
AAH_ONT_20230927_008_FC_B1,AAH_ONT_20230927_008_2
AAH_ONT_20230927_008_FC_B2,AAH_ONT_20230927_008_2
AAH_ONT_20230927_012_FP_EW1,AAH_ONT_20230927_012_1
AAH_ONT_20230927_012_FP_EF1,AAH_ONT_20230927_012_1
AAH_ONT_20230927_012_FP_EP1,AAH_ONT_20230927_012_1
AAH_ONT_20230927_012_FP_EW2,AAH_ONT_20230927_012_1
AAH_ONT_20230927_012_FP_EF2,AAH_ONT_20230927_012_1
AAH_ONT_20230927_012_FP_EP2,AAH_ONT_20230927_012_1
AAH_ONT_20230927_012_FC_E1,AAH_ONT_20230927_012_1
AAH_ONT_20230927_012_FC_E2,AAH_ONT_20230927_012_1
AAH_ONT_20230927_012_FP_MW1,AAH_ONT_20230927_012_2
AAH_ONT_20230927_012_FP_MF1,AAH_ONT_20230927_012_2
AAH_ONT_20230927_012_FP_MP1,AAH_ONT_20230927_012_2
AAH_ONT_20230927_012_FP_MW2,AAH_ONT_20230927_012_2
AAH_ONT_20230927_012_FP_MF2,AAH_ONT_20230927_012_2
AAH_ONT_20230927_012_FP_MP2,AAH_ONT_20230927_012_2
AAH_ONT_20230927_012_FC_M1,AAH_ONT_20230927_012_2
AAH_ONT_20230927_012_FC_M2,AAH_ONT_20230927_012_2
AAH_ONT_20230927_012_FP_BW1,AAH_ONT_20230927_012_3
AAH_ONT_20230927_012_FP_BF1,AAH_ONT_20230927_012_3
AAH_ONT_20230927_012_FP_BP1,AAH_ONT_20230927_012_3
AAH_ONT_20230927_012_FP_BW2,AAH_ONT_20230927_012_3
AAH_ONT_20230927_012_FP_BF2,AAH_ONT_20230927_012_3
AAH_ONT_20230927_012_FP_BP2,AAH_ONT_20230927_012_3
AAH_ONT_20230927_012_FC_B1,AAH_ONT_20230927_012_3
AAH_ONT_20230927_012_FC_B2,AAH_ONT_20230927_012_3
AAH_ONT_20230927_017_FP_EW1,AAH_ONT_20230927_017_1
AAH_ONT_20230927_017_FP_EF1,AAH_ONT_20230927_017_1
AAH_ONT_20230927_017_FP_EP1,AAH_ONT_20230927_017_1
AAH_ONT_20230927_017_FP_EW2,AAH_ONT_20230927_017_1
AAH_ONT_20230927_017_FP_EF2,AAH_ONT_20230927_017_1
AAH_ONT_20230927_017_FP_EP2,AAH_ONT_20230927_017_1
AAH_ONT_20230927_017_FC_E1,AAH_ONT_20230927_017_1
AAH_ONT_20230927_017_FC_E2,AAH_ONT_20230927_017_1
AAH_ONT_20230927_017_FP_BW1,AAH_ONT_20230927_017_2
AAH_ONT_20230927_017_FP_BF1,AAH_ONT_20230927_017_2
AAH_ONT_20230927_017_FP_BP1,AAH_ONT_20230927_017_2
AAH_ONT_20230927_017_FP_BW2,AAH_ONT_20230927_017_2
AAH_ONT_20230927_017_FP_BF2,AAH_ONT_20230927_017_2
AAH_ONT_20230927_017_FP_BP2,AAH_ONT_20230927_017_2
AAH_ONT_20230927_017_FC_B1,AAH_ONT_20230927_017_2
AAH_ONT_20230927_017_FC_B2,AAH_ONT_20230927_017_2
AAH_ONT_20230927_029_FP_EW1,AAH_ONT_20230927_029_1
AAH_ONT_20230927_029_FP_EF1,AAH_ONT_20230927_029_1
AAH_ONT_20230927_029_FP_EP1,AAH_ONT_20230927_029_1
AAH_ONT_20230927_029_FP_EW2,AAH_ONT_20230927_029_1
AAH_ONT_20230927_029_FP_EF2,AAH_ONT_20230927_029_1
AAH_ONT_20230927_029_FP_EP2,AAH_ONT_20230927_029_1
AAH_ONT_20230927_029_FC_E1,AAH_ONT_20230927_029_1
AAH_ONT_20230927_029_FC_E2,AAH_ONT_20230927_029_1
AAH_ONT_20230927_029_FP_MW1,AAH_ONT_20230927_029_2
AAH_ONT_20230927_029_FP_MF1,AAH_ONT_20230927_029_2
AAH_ONT_20230927_029_FP_MP1,AAH_ONT_20230927_029_2
AAH_ONT_20230927_029_FP_MW2,AAH_ONT_20230927_029_2
AAH_ONT_20230927_029_FP_MF2,AAH_ONT_20230927_029_2
AAH_ONT_20230927_029_FP_MP2,AAH_ONT_20230927_029_2
AAH_ONT_20230927_029_FC_M1,AAH_ONT_20230927_029_2
AAH_ONT_20230927_029_FC_M2,AAH_ONT_20230927_029_2
AAH_ONT_20230927_029_FP_BW1,AAH_ONT_20230927_029_3
AAH_ONT_20230927_029_FP_BF1,AAH_ONT_20230927_029_3
AAH_ONT_20230927_029_FP_BP1,AAH_ONT_20230927_029_3
AAH_ONT_20230927_029_FP_BW2,AAH_ONT_20230927_029_3
AAH_ONT_20230927_029_FP_BF2,AAH_ONT_20230927_029_3
AAH_ONT_20230927_029_FP_BP2,AAH_ONT_20230927_029_3
AAH_ONT_20230927_029_FC_B1,AAH_ONT_20230927_029_3
AAH_ONT_20230927_029_FC_B2,AAH_ONT_20230927_029_3
AAH_ONT_20230927_033_FP_EW1,AAH_ONT_20230927_033_1
AAH_ONT_20230927_033_FP_EF1,AAH_ONT_20230927_033_1
AAH_ONT_20230927_033_FP_EP1,AAH_ONT_20230927_033_1
AAH_ONT_20230927_033_FP_EW2,AAH_ONT_20230927_033_1
AAH_ONT_20230927_033_FP_EF2,AAH_ONT_20230927_033_1
AAH_ONT_20230927_033_FP_EP2,AAH_ONT_20230927_033_1
AAH_ONT_20230927_033_FC_E1,AAH_ONT_20230927_033_1
AAH_ONT_20230927_033_FC_E2,AAH_ONT_20230927_033_1
AAH_ONT_20230927_033_FP_MW1,AAH_ONT_20230927_033_2
AAH_ONT_20230927_033_FP_MF1,AAH_ONT_20230927_033_2
AAH_ONT_20230927_033_FP_MP1,AAH_ONT_20230927_033_2
AAH_ONT_20230927_033_FP_MW2,AAH_ONT_20230927_033_2
AAH_ONT_20230927_033_FP_MF2,AAH_ONT_20230927_033_2
AAH_ONT_20230927_033_FP_MP2,AAH_ONT_20230927_033_2
AAH_ONT_20230927_033_FC_M1,AAH_ONT_20230927_033_2
AAH_ONT_20230927_033_FC_M2,AAH_ONT_20230927_033_2
AAH_ONT_20230927_033_FP_BW1,AAH_ONT_20230927_033_3
AAH_ONT_20230927_033_FP_BF1,AAH_ONT_20230927_033_3
AAH_ONT_20230927_033_FP_BP1,AAH_ONT_20230927_033_3
AAH_ONT_20230927_033_FP_BW2,AAH_ONT_20230927_033_3
AAH_ONT_20230927_033_FP_BF2,AAH_ONT_20230927_033_3
AAH_ONT_20230927_033_FP_BP2,AAH_ONT_20230927_033_3
AAH_ONT_20230927_033_FC_B1,AAH_ONT_20230927_033_3
AAH_ONT_20230927_033_FC_B2,AAH_ONT_20230927_033_3
AAH_ONT_20230926_035_FP_EW1,AAH_ONT_20230926_035_1
AAH_ONT_20230926_035_FP_EF1,AAH_ONT_20230926_035_1
AAH_ONT_20230926_035_FP_EP1,AAH_ONT_20230926_035_1
AAH_ONT_20230926_035_FP_EW2,AAH_ONT_20230926_035_1
AAH_ONT_20230926_035_FP_EF2,AAH_ONT_20230926_035_1
AAH_ONT_20230926_035_FP_EP2,AAH_ONT_20230926_035_1
AAH_ONT_20230926_035_FC_E1,AAH_ONT_20230926_035_1
AAH_ONT_20230926_035_FC_E2,AAH_ONT_20230926_035_1
AAH_ONT_20230926_035_FP_MW1,AAH_ONT_20230926_035_2
AAH_ONT_20230926_035_FP_MF1,AAH_ONT_20230926_035_2
AAH_ONT_20230926_035_FP_MP1,AAH_ONT_20230926_035_2
AAH_ONT_20230926_035_FP_MW2,AAH_ONT_20230926_035_2
AAH_ONT_20230926_035_FP_MF2,AAH_ONT_20230926_035_2
AAH_ONT_20230926_035_FP_MP2,AAH_ONT_20230926_035_2
AAH_ONT_20230926_035_FC_M1,AAH_ONT_20230926_035_2
AAH_ONT_20230926_035_FC_M2,AAH_ONT_20230926_035_2
AAH_ONT_20230926_035_FP_BW1,AAH_ONT_20230926_035_3
AAH_ONT_20230926_035_FP_BF1,AAH_ONT_20230926_035_3
AAH_ONT_20230926_035_FP_BP1,AAH_ONT_20230926_035_3
AAH_ONT_20230926_035_FP_BW2,AAH_ONT_20230926_035_3
AAH_ONT_20230926_035_FP_BF2,AAH_ONT_20230926_035_3
AAH_ONT_20230926_035_FP_BP2,AAH_ONT_20230926_035_3
AAH_ONT_20230926_035_FC_B1,AAH_ONT_20230926_035_3
AAH_ONT_20230926_035_FC_B2,AAH_ONT_20230926_035_3
AAH_ONT_20230926_038_FP_EW1,AAH_ONT_20230926_038_1
AAH_ONT_20230926_038_FP_EF1,AAH_ONT_20230926_038_1
AAH_ONT_20230926_038_FP_EP1,AAH_ONT_20230926_038_1
AAH_ONT_20230926_038_FP_EW2,AAH_ONT_20230926_038_1
AAH_ONT_20230926_038_FP_EF2,AAH_ONT_20230926_038_1
AAH_ONT_20230926_038_FP_EP2,AAH_ONT_20230926_038_1
AAH_ONT_20230926_038_FC_E1,AAH_ONT_20230926_038_1
AAH_ONT_20230926_038_FC_E2,AAH_ONT_20230926_038_1
AAH_ONT_20230926_038_FP_BW1,AAH_ONT_20230926_038_2
AAH_ONT_20230926_038_FP_BF1,AAH_ONT_20230926_038_2
AAH_ONT_20230926_038_FP_BP1,AAH_ONT_20230926_038_2
AAH_ONT_20230926_038_FP_BW2,AAH_ONT_20230926_038_2
AAH_ONT_20230926_038_FP_BF2,AAH_ONT_20230926_038_2
AAH_ONT_20230926_038_FP_BP2,AAH_ONT_20230926_038_2
AAH_ONT_20230926_038_FC_B1,AAH_ONT_20230926_038_2
AAH_ONT_20230926_038_FC_B2,AAH_ONT_20230926_038_2
AAH_ONT_20230926_041_FP_EW1,AAH_ONT_20230926_041_1
AAH_ONT_20230926_041_FP_EF1,AAH_ONT_20230926_041_1
AAH_ONT_20230926_041_FP_EP1,AAH_ONT_20230926_041_1
AAH_ONT_20230926_041_FP_EW2,AAH_ONT_20230926_041_1
AAH_ONT_20230926_041_FP_EF2,AAH_ONT_20230926_041_1
AAH_ONT_20230926_041_FP_EP2,AAH_ONT_20230926_041_1
AAH_ONT_20230926_041_FC_E1,AAH_ONT_20230926_041_1
AAH_ONT_20230926_041_FC_E2,AAH_ONT_20230926_041_1
AAH_ONT_20230926_041_FP_MW1,AAH_ONT_20230926_041_2
AAH_ONT_20230926_041_FP_MF1,AAH_ONT_20230926_041_2
AAH_ONT_20230926_041_FP_MP1,AAH_ONT_20230926_041_2
AAH_ONT_20230926_041_FP_MW2,AAH_ONT_20230926_041_2
AAH_ONT_20230926_041_FP_MF2,AAH_ONT_20230926_041_2
AAH_ONT_20230926_041_FP_MP2,AAH_ONT_20230926_041_2
AAH_ONT_20230926_041_FC_M1,AAH_ONT_20230926_041_2
AAH_ONT_20230926_041_FC_M2,AAH_ONT_20230926_041_2
AAH_ONT_20230926_041_FP_BW1,AAH_ONT_20230926_041_3
AAH_ONT_20230926_041_FP_BF1,AAH_ONT_20230926_041_3
AAH_ONT_20230926_041_FP_BP1,AAH_ONT_20230926_041_3
AAH_ONT_20230926_041_FP_BW2,AAH_ONT_20230926_041_3
AAH_ONT_20230926_041_FP_BF2,AAH_ONT_20230926_041_3
AAH_ONT_20230926_041_FP_BP2,AAH_ONT_20230926_041_3
AAH_ONT_20230926_041_FC_B1,AAH_ONT_20230926_041_3
AAH_ONT_20230926_041_FC_B2,AAH_ONT_20230926_041_3
AAH_ONT_20230926_043_FP_EW1,AAH_ONT_20230926_043_1
AAH_ONT_20230926_043_FP_EF1,AAH_ONT_20230926_043_1
AAH_ONT_20230926_043_FP_EP1,AAH_ONT_20230926_043_1
AAH_ONT_20230926_043_FP_EW2,AAH_ONT_20230926_043_1
AAH_ONT_20230926_043_FP_EF2,AAH_ONT_20230926_043_1
AAH_ONT_20230926_043_FP_EP2,AAH_ONT_20230926_043_1
AAH_ONT_20230926_043_FC_E1,AAH_ONT_20230926_043_1
AAH_ONT_20230926_043_FC_E2,AAH_ONT_20230926_043_1
AAH_ONT_20230926_043_FP_BW1,AAH_ONT_20230926_043_2
AAH_ONT_20230926_043_FP_BF1,AAH_ONT_20230926_043_2
AAH_ONT_20230926_043_FP_BP1,AAH_ONT_20230926_043_2
AAH_ONT_20230926_043_FP_BW2,AAH_ONT_20230926_043_2
AAH_ONT_20230926_043_FP_BF2,AAH_ONT_20230926_043_2
AAH_ONT_20230926_043_FP_BP2,AAH_ONT_20230926_043_2
AAH_ONT_20230926_043_FC_B1,AAH_ONT_20230926_043_2
AAH_ONT_20230926_043_FC_B2,AAH_ONT_20230926_043_2
AAH_ONT_20230926_048_FP_EW1,AAH_ONT_20230926_048_1
AAH_ONT_20230926_048_FP_EF1,AAH_ONT_20230926_048_1
AAH_ONT_20230926_048_FP_EP1,AAH_ONT_20230926_048_1
AAH_ONT_20230926_048_FP_EW2,AAH_ONT_20230926_048_1
AAH_ONT_20230926_048_FP_EF2,AAH_ONT_20230926_048_1
AAH_ONT_20230926_048_FP_EP2,AAH_ONT_20230926_048_1
AAH_ONT_20230926_048_FC_E1,AAH_ONT_20230926_048_1
AAH_ONT_20230926_048_FC_E2,AAH_ONT_20230926_048_1
AAH_ONT_20230926_048_FP_MW1,AAH_ONT_20230926_048_2
AAH_ONT_20230926_048_FP_MF1,AAH_ONT_20230926_048_2
AAH_ONT_20230926_048_FP_MP1,AAH_ONT_20230926_048_2
AAH_ONT_20230926_048_FP_MW2,AAH_ONT_20230926_048_2
AAH_ONT_20230926_048_FP_MF2,AAH_ONT_20230926_048_2
AAH_ONT_20230926_048_FP_MP2,AAH_ONT_20230926_048_2
AAH_ONT_20230926_048_FC_M1,AAH_ONT_20230926_048_2
AAH_ONT_20230926_048_FC_M2,AAH_ONT_20230926_048_2
AAH_ONT_20230926_048_FP_BW1,AAH_ONT_20230926_048_3
AAH_ONT_20230926_048_FP_BF1,AAH_ONT_20230926_048_3
AAH_ONT_20230926_048_FP_BP1,AAH_ONT_20230926_048_3
AAH_ONT_20230926_048_FP_BW2,AAH_ONT_20230926_048_3
AAH_ONT_20230926_048_FP_BF2,AAH_ONT_20230926_048_3
AAH_ONT_20230926_048_FP_BP2,AAH_ONT_20230926_048_3
AAH_ONT_20230926_048_FC_B1,AAH_ONT_20230926_048_3
AAH_ONT_20230926_048_FC_B2,AAH_ONT_20230926_048_3
AAH_ONT_20230925_055_FP_EW1,AAH_ONT_20230925_055_1
AAH_ONT_20230925_055_FP_EF1,AAH_ONT_20230925_055_1
AAH_ONT_20230925_055_FP_EP1,AAH_ONT_20230925_055_1
AAH_ONT_20230925_055_FP_EW2,AAH_ONT_20230925_055_1
AAH_ONT_20230925_055_FP_EF2,AAH_ONT_20230925_055_1
AAH_ONT_20230925_055_FP_EP2,AAH_ONT_20230925_055_1
AAH_ONT_20230925_055_FC_E1,AAH_ONT_20230925_055_1
AAH_ONT_20230925_055_FC_E2,AAH_ONT_20230925_055_1
AAH_ONT_20230925_055_FP_MW1,AAH_ONT_20230925_055_2
AAH_ONT_20230925_055_FP_MF1,AAH_ONT_20230925_055_2
AAH_ONT_20230925_055_FP_MP1,AAH_ONT_20230925_055_2
AAH_ONT_20230925_055_FP_MW2,AAH_ONT_20230925_055_2
AAH_ONT_20230925_055_FP_MF2,AAH_ONT_20230925_055_2
AAH_ONT_20230925_055_FP_MP2,AAH_ONT_20230925_055_2
AAH_ONT_20230925_055_FC_M1,AAH_ONT_20230925_055_2
AAH_ONT_20230925_055_FC_M2,AAH_ONT_20230925_055_2
AAH_ONT_20230925_055_FP_BW1,AAH_ONT_20230925_055_3
AAH_ONT_20230925_055_FP_BF1,AAH_ONT_20230925_055_3
AAH_ONT_20230925_055_FP_BP1,AAH_ONT_20230925_055_3
AAH_ONT_20230925_055_FP_BW2,AAH_ONT_20230925_055_3
AAH_ONT_20230925_055_FP_BF2,AAH_ONT_20230925_055_3
AAH_ONT_20230925_055_FP_BP2,AAH_ONT_20230925_055_3
AAH_ONT_20230925_055_FC_B1,AAH_ONT_20230925_055_3
AAH_ONT_20230925_055_FC_B2,AAH_ONT_20230925_055_3
AAH_ONT_20230923_064_FP_EW1,AAH_ONT_20230923_064_1
AAH_ONT_20230923_064_FP_EF1,AAH_ONT_20230923_064_1
AAH_ONT_20230923_064_FP_EP1,AAH_ONT_20230923_064_1
AAH_ONT_20230923_064_FP_EW2,AAH_ONT_20230923_064_1
AAH_ONT_20230923_064_FP_EF2,AAH_ONT_20230923_064_1
AAH_ONT_20230923_064_FP_EP2,AAH_ONT_20230923_064_1
AAH_ONT_20230923_064_FC_E1,AAH_ONT_20230923_064_1
AAH_ONT_20230923_064_FC_E2,AAH_ONT_20230923_064_1
AAH_ONT_20230923_064_FP_MW1,AAH_ONT_20230923_064_2
AAH_ONT_20230923_064_FP_MF1,AAH_ONT_20230923_064_2
AAH_ONT_20230923_064_FP_MP1,AAH_ONT_20230923_064_2
AAH_ONT_20230923_064_FP_MW2,AAH_ONT_20230923_064_2
AAH_ONT_20230923_064_FP_MF2,AAH_ONT_20230923_064_2
AAH_ONT_20230923_064_FP_MP2,AAH_ONT_20230923_064_2
AAH_ONT_20230923_064_FC_M1,AAH_ONT_20230923_064_2
AAH_ONT_20230923_064_FC_M2,AAH_ONT_20230923_064_2
AAH_ONT_20230923_064_FP_BW1,AAH_ONT_20230923_064_3
AAH_ONT_20230923_064_FP_BF1,AAH_ONT_20230923_064_3
AAH_ONT_20230923_064_FP_BP1,AAH_ONT_20230923_064_3
AAH_ONT_20230923_064_FP_BW2,AAH_ONT_20230923_064_3
AAH_ONT_20230923_064_FP_BF2,AAH_ONT_20230923_064_3
AAH_ONT_20230923_064_FP_BP2,AAH_ONT_20230923_064_3
AAH_ONT_20230923_064_FC_B1,AAH_ONT_20230923_064_3
AAH_ONT_20230923_064_FC_B2,AAH_ONT_20230923_064_3
AAH_ONT_20230923_066_FP_EW1,AAH_ONT_20230923_066_1
AAH_ONT_20230923_066_FP_EF1,AAH_ONT_20230923_066_1
AAH_ONT_20230923_066_FP_EP1,AAH_ONT_20230923_066_1
AAH_ONT_20230923_066_FP_EW2,AAH_ONT_20230923_066_1
AAH_ONT_20230923_066_FP_EF2,AAH_ONT_20230923_066_1
AAH_ONT_20230923_066_FP_EP2,AAH_ONT_20230923_066_1
AAH_ONT_20230923_066_FC_E1,AAH_ONT_20230923_066_1
AAH_ONT_20230923_066_FC_E2,AAH_ONT_20230923_066_1
AAH_ONT_20230923_066_FP_BW1,AAH_ONT_20230923_066_2
AAH_ONT_20230923_066_FP_BF1,AAH_ONT_20230923_066_2
AAH_ONT_20230923_066_FP_BP1,AAH_ONT_20230923_066_2
AAH_ONT_20230923_066_FP_BW2,AAH_ONT_20230923_066_2
AAH_ONT_20230923_066_FP_BF2,AAH_ONT_20230923_066_2
AAH_ONT_20230923_066_FP_BP2,AAH_ONT_20230923_066_2
AAH_ONT_20230923_066_FC_B1,AAH_ONT_20230923_066_2
AAH_ONT_20230923_066_FC_B2,AAH_ONT_20230923_066_2
AAH_ONT_20230923_062_FP_EW1,AAH_ONT_20230923_062_1
AAH_ONT_20230923_062_FP_EF1,AAH_ONT_20230923_062_1
AAH_ONT_20230923_062_FP_EP1,AAH_ONT_20230923_062_1
AAH_ONT_20230923_062_FP_EW2,AAH_ONT_20230923_062_1
AAH_ONT_20230923_062_FP_EF2,AAH_ONT_20230923_062_1
AAH_ONT_20230923_062_FP_EP2,AAH_ONT_20230923_062_1
AAH_ONT_20230923_062_FC_E1,AAH_ONT_20230923_062_1
AAH_ONT_20230923_062_FC_E2,AAH_ONT_20230923_062_1
AAH_ONT_20230923_062_FP_BW1,AAH_ONT_20230923_062_2
AAH_ONT_20230923_062_FP_BF1,AAH_ONT_20230923_062_2
AAH_ONT_20230923_062_FP_BP1,AAH_ONT_20230923_062_2
AAH_ONT_20230923_062_FP_BW2,AAH_ONT_20230923_062_2
AAH_ONT_20230923_062_FP_BF2,AAH_ONT_20230923_062_2
AAH_ONT_20230923_062_FP_BP2,AAH_ONT_20230923_062_2
AAH_ONT_20230923_062_FC_B1,AAH_ONT_20230923_062_2
AAH_ONT_20230923_062_FC_B2,AAH_ONT_20230923_062_2
AAH_ONT_20230924_717_FP_EW1,AAH_ONT_20230924_717_1
AAH_ONT_20230924_717_FP_EF1,AAH_ONT_20230924_717_1
AAH_ONT_20230924_717_FP_EP1,AAH_ONT_20230924_717_1
AAH_ONT_20230924_717_FP_EW2,AAH_ONT_20230924_717_1
AAH_ONT_20230924_717_FP_EF2,AAH_ONT_20230924_717_1
AAH_ONT_20230924_717_FP_EP2,AAH_ONT_20230924_717_1
AAH_ONT_20230924_717_FC_E1,AAH_ONT_20230924_717_1
AAH_ONT_20230924_717_FC_E2,AAH_ONT_20230924_717_1
AAH_ONT_20230924_717_FP_MW1,AAH_ONT_20230924_717_2
AAH_ONT_20230924_717_FP_MF1,AAH_ONT_20230924_717_2
AAH_ONT_20230924_717_FP_MP1,AAH_ONT_20230924_717_2
AAH_ONT_20230924_717_FP_MW2,AAH_ONT_20230924_717_2
AAH_ONT_20230924_717_FP_MF2,AAH_ONT_20230924_717_2
AAH_ONT_20230924_717_FP_MP2,AAH_ONT_20230924_717_2
AAH_ONT_20230924_717_FC_M1,AAH_ONT_20230924_717_2
AAH_ONT_20230924_717_FC_M2,AAH_ONT_20230924_717_2
AAH_ONT_20230924_717_FP_BW1,AAH_ONT_20230924_717_3
AAH_ONT_20230924_717_FP_BF1,AAH_ONT_20230924_717_3
AAH_ONT_20230924_717_FP_BP1,AAH_ONT_20230924_717_3
AAH_ONT_20230924_717_FP_BW2,AAH_ONT_20230924_717_3
AAH_ONT_20230924_717_FP_BF2,AAH_ONT_20230924_717_3
AAH_ONT_20230924_717_FP_BP2,AAH_ONT_20230924_717_3
AAH_ONT_20230924_717_FC_B1,AAH_ONT_20230924_717_3
AAH_ONT_20230924_717_FC_B2,AAH_ONT_20230924_717_3
AAH_ONT_20230926_033_FP_EW1,AAH_ONT_20230926_033_1
AAH_ONT_20230926_033_FP_EF1,AAH_ONT_20230926_033_1
AAH_ONT_20230926_033_FP_EP1,AAH_ONT_20230926_033_1
AAH_ONT_20230926_033_FP_EW2,AAH_ONT_20230926_033_1
AAH_ONT_20230926_033_FP_EF2,AAH_ONT_20230926_033_1
AAH_ONT_20230926_033_FP_EP2,AAH_ONT_20230926_033_1
AAH_ONT_20230926_033_FC_E1,AAH_ONT_20230926_033_1
AAH_ONT_20230926_033_FC_E2,AAH_ONT_20230926_033_1
AAH_ONT_20230926_033_FP_MW1,AAH_ONT_20230926_033_2
AAH_ONT_20230926_033_FP_MF1,AAH_ONT_20230926_033_2
AAH_ONT_20230926_033_FP_MP1,AAH_ONT_20230926_033_2
AAH_ONT_20230926_033_FP_MW2,AAH_ONT_20230926_033_2
AAH_ONT_20230926_033_FP_MF2,AAH_ONT_20230926_033_2
AAH_ONT_20230926_033_FP_MP2,AAH_ONT_20230926_033_2
AAH_ONT_20230926_033_FC_M1,AAH_ONT_20230926_033_2
AAH_ONT_20230926_033_FC_M2,AAH_ONT_20230926_033_2
AAH_ONT_20230926_033_FP_BW1,AAH_ONT_20230926_033_3
AAH_ONT_20230926_033_FP_BF1,AAH_ONT_20230926_033_3
AAH_ONT_20230926_033_FP_BP1,AAH_ONT_20230926_033_3
AAH_ONT_20230926_033_FP_BW2,AAH_ONT_20230926_033_3
AAH_ONT_20230926_033_FP_BF2,AAH_ONT_20230926_033_3
AAH_ONT_20230926_033_FP_BP2,AAH_ONT_20230926_033_3
AAH_ONT_20230926_033_FC_B1,AAH_ONT_20230926_033_3
AAH_ONT_20230926_033_FC_B2,AAH_ONT_20230926_033_3
AAH_ONT_20230928_000_FP_NW1,NA
