DNA_ID,Sample_ID,Concentration_ng_ul,Filter_Extracted,Extraction_Date,Lot_Number,Project_ID,Location_ID,Date_Collected,Station_ID,Deployment_ID,FP_or_PT_Sample_Remaining_fraction,SD_remaining_est,Freezer_Temp_NegDegrees,Notes,Date,D_Number,Deployment_Type,Niskin_bottles,Deployment_Depth_m,Integrated_Depths_m,Depth_Class,Max_Depth,Temp_at_Deployment,Deployment_Time,Total_Filtration_Time_min,Volume_Filtered_mL,Storage_Code,Fraction,Replicate,Upper_Size_um,Lower_Size_um,NOTES,Start_Filtration_Time,End_Filtration_Time,Latitude,Longitude,lag,water_extracted,month
AP_D1,AAH_ONT_20230519_017_FP_EW1,28,0.5,20230608,172033163,AAH,ONT,20230519,17,AAH_ONT_20230519_017_1,0,NA,NA,"Filters upside down, so stopped and re-ran with fresh filters",20230519,1,Rosette Cast,1,5,NA,E,NA,NA,0-01-01T07:06:00Z,NA,1500,FF,Whole,1,20,0.22,"Filters upside down, so stopped and re-ran with fresh filters",0-01-01T07:17:00Z,0-01-01T07:34:00Z,43.22506666666666,-79.27145,28,750,May
AP_D9,AAH_ONT_20230515_074_FP_EW1,106,0.5,20230609,172033163,AAH,ONT,20230515,74,AAH_ONT_20230515_074_1,0.5,NA,NA,NA,20230515,1,Rosette Cast,2,5,NA,E,NA,NA,0-01-01T16:37:00Z,NA,3510,FF,Whole,1,20,0.22,NA,0-01-01T14:49:00Z,0-01-01T17:13:00Z,43.747366666666665,-76.51155,36,1755,May
AP_D17,AAH_ONT_20230516_066_FP_EW1,65.1,0.5,20230613,172033163,AAH,ONT,20230516,66,AAH_ONT_20230516_066_1,0.5,NA,NA,NA,20230516,1,Rosette Cast,2,5,NA,E,NA,NA,0-01-01T07:25:00Z,NA,2920,FF,Whole,1,20,0.22,NA,0-01-01T07:32:00Z,0-01-01T07:48:00Z,43.333666666666666,-76.83433333333333,23,1460,May
AP_D25,AAH_ONT_20230517_043_FP_EW1,24.8,0.5,20230613,172033163,AAH,ONT,20230517,43,AAH_ONT_20230517_043_1,0.5,NA,NA,NA,20230517,1,Rosette Cast,2,5,NA,E,NA,NA,0-01-01T17:09:00Z,NA,4000,FF,Whole,1,20,0.22,NA,0-01-01T17:27:00Z,0-01-01T17:42:00Z,43.950116666666666,-78.04975,33,2000,May
AP_D33,AAH_ONT_20230517_717_FP_EW1,151,0.5,20230613,172033163,AAH,ONT,20230517,717,AAH_ONT_20230517_717_1,0.5,NA,NA,NA,20230517,1,Rosette Cast,2,5,NA,E,NA,NA,0-01-01T08:17:00Z,NA,3100,FF,Whole,1,20,0.22,NA,0-01-01T08:28:00Z,0-01-01T08:46:00Z,43.30056666666667,-77.44083333333333,29,1550,May
AP_D41,AAH_ONT_20230518_033_FP_EW1,84.5,0.5,20230613,172033163,AAH,ONT,20230518,33,AAH_ONT_20230518_033_1,0.5,NA,NA,NA,20230518,1,Rosette Cast,2,5,NA,E,NA,NA,0-01-01T12:25:00Z,NA,3200,FF,Whole,1,20,0.22,NA,0-01-01T12:45:00Z,0-01-01T13:06:00Z,43.596916666666665,-78.81335,41,1600,May
AP_D49,AAH_ONT_20230518_038_FP_EW1,92.3,0.5,20230615,172033163,AAH,ONT,20230518,38,AAH_ONT_20230518_038_1,0.5,NA,NA,NA,20230518,1,Rosette Cast,2,5,NA,E,NA,NA,0-01-01T02:28:00Z,NA,3620,FF,Whole,1,20,0.22,NA,0-01-01T02:50:00Z,0-01-01T03:16:00Z,43.38341666666667,-77.98966666666666,48,1810,May
AP_D58,AAH_ONT_20230519_012_FP_MW2,69.2,0.5,20230615,172033163,AAH,ONT,20230519,12,AAH_ONT_20230519_012_2,0.5,NA,NA,NA,20230519,2,Rosette Cast,3,15,NA,M,NA,NA,0-01-01T10:34:00Z,NA,3960,FF,Whole,2,20,0.22,NA,0-01-01T11:35:00Z,0-01-01T11:56:00Z,43.5035,-79.35378333333334,82,1980,May
AP_D72,AAH_ONT_20230927_008_FP_BW2,33.6,0.5,20231016,175026656_1,AAH,ONT,20230927,8,AAH_ONT_20230927_008_2,0.75,NA,NA,NA,20230927,2,Rosette Cast,3,13.4,NA,B,NA,NA,0-01-01T20:03:00Z,NA,3920,FF,Whole,2,20,0.22,NA,0-01-01T20:49:00Z,0-01-01T21:14:00Z,43.62221667,-79.45091667,71,1960,September
AP_D80,AAH_ONT_20230927_017_FP_EW2,19.9,0.5,20231009,172033163,AAH,ONT,20230927,17,AAH_ONT_20230927_017_1,0.75,NA,NA,NA,20230927,1,Rosette Cast,3,5,NA,E,NA,NA,0-01-01T15:00:00Z,NA,1920,FF,Whole,2,20,0.22,tube burst and re-ran with new filters,0-01-01T16:31:00Z,0-01-01T16:38:00Z,43.22538333,-79.27113333,98,960,September
AP_D88,AAH_ONT_20230927_029_FP_BW2,24,0.25,20231011,175026656_1,AAH,ONT,20230927,29,AAH_ONT_20230927_029_3,0.75,NA,NA,NA,20230927,3,Rosette Cast,3,27.9,NA,B,NA,NA,0-01-01T04:19:00Z,NA,3800,FF,Whole,2,20,0.22,NA,0-01-01T05:12:00Z,0-01-01T05:37:00Z,43.81948333,-78.87111667,78,950,September
AP_D96,AAH_ONT_20230926_035_FP_EW2,16.7,0.25,20231013,175026656_1,AAH,ONT,20230926,35,AAH_ONT_20230926_035_1,0.75,NA,NA,NA,20230926,1,Rosette Cast,3,5,NA,E,NA,NA,0-01-01T14:18:00Z,NA,3000,FF,Whole,2,20,0.22,replaced free-living filter early too,0-01-01T15:08:00Z,0-01-01T15:23:00Z,43.36143333,-78.72943333,65,750,September
AP_D2,AAH_ONT_20230519_017_FP_EW2,32.8,0.5,20230608,172033163,AAH,ONT,20230519,17,AAH_ONT_20230519_017_1,0,NA,NA,"Filters upside down, so stopped and re-ran with fresh filters",20230519,1,Rosette Cast,1,5,NA,E,NA,NA,0-01-01T07:06:00Z,NA,1620,FF,Whole,2,20,0.22,"Filters upside down, so stopped and re-ran with fresh filters",0-01-01T07:18:00Z,0-01-01T07:34:00Z,43.22506666666666,-79.27145,28,810,May
AP_D10,AAH_ONT_20230515_074_FP_MW1,72.4,0.5,20230609,172033163,AAH,ONT,20230515,74,AAH_ONT_20230515_074_3,0.5,NA,NA,NA,20230515,3,Rosette Cast,2,14,NA,M,NA,NA,0-01-01T16:37:00Z,NA,3400,FF,Whole,1,20,0.22,NA,0-01-01T17:06:00Z,0-01-01T17:26:00Z,43.747366666666665,-76.51155,49,1700,May
AP_D18,AAH_ONT_20230516_066_FP_EW2,50.7,0.5,20230615,172033163,AAH,ONT,20230516,66,AAH_ONT_20230516_066_1,0.5,NA,NA,NA,20230516,1,Rosette Cast,2,5,NA,E,NA,NA,0-01-01T07:25:00Z,NA,3060,FF,Whole,2,20,0.22,NA,0-01-01T07:34:00Z,0-01-01T07:50:00Z,43.333666666666666,-76.83433333333333,25,1530,May
AP_D26,AAH_ONT_20230517_043_FP_EW2,40.3,0.5,20230615,172033163,AAH,ONT,20230517,43,AAH_ONT_20230517_043_1,0.5,NA,NA,NA,20230517,1,Rosette Cast,2,5,NA,E,NA,NA,0-01-01T17:09:00Z,NA,3280,FF,Whole,2,20,0.22,NA,0-01-01T17:29:00Z,0-01-01T17:52:00Z,43.950116666666666,-78.04975,43,1640,May
AP_D34,AAH_ONT_20230517_717_FP_EW2,150,0.5,20230615,172033163,AAH,ONT,20230517,717,AAH_ONT_20230517_717_1,0.5,NA,NA,NA,20230517,1,Rosette Cast,2,5,NA,E,NA,NA,0-01-01T08:17:00Z,NA,2800,FF,Whole,2,20,0.22,NA,0-01-01T08:30:00Z,0-01-01T08:49:00Z,43.30056666666667,-77.44083333333333,32,1400,May
AP_D42,AAH_ONT_20230518_033_FP_EW2,94.7,0.5,20230615,172033163,AAH,ONT,20230518,33,AAH_ONT_20230518_033_1,0.5,NA,NA,NA,20230518,1,Rosette Cast,2,5,NA,E,NA,NA,0-01-01T12:25:00Z,NA,3540,FF,Whole,2,20,0.22,NA,0-01-01T12:39:00Z,0-01-01T13:01:00Z,43.596916666666665,-78.81335,36,1770,May
AP_D50,AAH_ONT_20230518_038_FP_MW1,58,0.5,20230615,172033163,AAH,ONT,20230518,38,AAH_ONT_20230518_038_2,0.5,NA,NA,NA,20230518,2,Rosette Cast,2,14,NA,M,NA,NA,0-01-01T02:28:00Z,NA,1560,FF,Whole,1,20,0.22,NA,0-01-01T02:51:00Z,0-01-01T03:24:00Z,43.38341666666667,-77.98966666666666,56,780,May
AP_D59,AAH_ONT_20230519_017_FP_EW3,27.5,0.5,20230616,172033163,AAH,ONT,20230519,17,AAH_ONT_20230519_017_1,0.5,NA,NA,From same water as 017_FP_E1,20230519,1,Rosette Cast,1,5,NA,E,NA,NA,0-01-01T07:06:00Z,NA,3500,FF,Whole,3,20,0.22,From same water as 017_FP_E1,0-01-01T07:44:00Z,0-01-01T08:06:00Z,43.22506666666666,-79.27145,60,1750,May
AP_D73,AAH_ONT_20230927_012_FP_EW1,21.9,0.5,20231009,172033163,AAH,ONT,20230927,12,AAH_ONT_20230927_012_1,0.75,NA,NA,NA,20230927,1,Rosette Cast,3,5,NA,E,NA,NA,0-01-01T23:59:00Z,NA,4760,FF,Whole,1,20,0.22,NA,0-01-01T00:06:00Z,0-01-01T00:31:00Z,43.50345,-79.35313333,32,2380,September
AP_D81,AAH_ONT_20230927_017_FP_BW1,36.7,0.5,20231011,175026656_1,AAH,ONT,20230927,17,AAH_ONT_20230927_017_2,0.75,NA,NA,NA,20230927,2,Rosette Cast,3,10.9,NA,B,NA,NA,0-01-01T14:58:00Z,NA,3540,FF,Whole,1,20,0.22,NA,0-01-01T15:08:00Z,0-01-01T15:28:00Z,43.22538333,-79.27113333,30,1770,September
AP_D89,AAH_ONT_20230927_033_FP_EW1,35.1,0.25,20231011,175026656_1,AAH,ONT,20230927,33,AAH_ONT_20230927_033_1,0.75,NA,NA,located in cup 5; day sample,20230927,1,Rosette Cast,3,5,NA,E,NA,NA,0-01-01T09:55:00Z,NA,4520,FF,Whole,1,20,0.22,Day sample,0-01-01T10:03:00Z,0-01-01T10:38:00Z,43.5965,-78.81436667,43,1130,September
AP_D97,AAH_ONT_20230926_035_FP_MW1,24.1,0.25,20231006,172033163,AAH,ONT,20230926,35,AAH_ONT_20230926_035_2,0.75,NA,NA,NA,20230926,2,Rosette Cast,3,14.4,NA,M,NA,NA,0-01-01T13:54:00Z,NA,3920,FF,Whole,1,20,0.22,NA,0-01-01T14:08:00Z,0-01-01T14:29:00Z,43.36143333,-78.72943333,35,980,September
AP_D3,AAH_ONT_20230516_048_FP_EW1,54.4,0.5,20230609,172033163,AAH,ONT,20230516,48,AAH_ONT_20230516_048_1,0.5,NA,NA,NA,20230516,1,Rosette Cast,2,5,NA,E,NA,NA,0-01-01T18:07:00Z,NA,3510,FF,Whole,1,20,0.22,NA,0-01-01T18:20:00Z,0-01-01T18:35:00Z,43.8797,-77.43975,28,1755,May
AP_D11,AAH_ONT_20230516_064_FP_BW1,8.2,0.5,20230616,172033163,AAH,ONT,20230516,64,AAH_ONT_20230516_064_3,0.5,NA,NA,NA,20230516,3,Rosette Cast,2,224,NA,B,NA,NA,0-01-01T02:15:00Z,NA,5060,FF,Whole,1,20,0.22,NA,0-01-01T02:22:00Z,0-01-01T02:40:00Z,43.51975,-76.91836666666667,25,2530,May
AP_D19,AAH_ONT_20230517_041_FP_BW1,16.9,0.5,20230615,172033163,AAH,ONT,20230517,41,AAH_ONT_20230517_041_3,0.5,NA,NA,NA,20230517,3,Rosette Cast,3,127,NA,B,NA,NA,0-01-01T20:01:00Z,NA,4360,FF,Whole,1,20,0.22,NA,0-01-01T20:13:00Z,0-01-01T20:40:00Z,43.71661666666667,-78.02736666666667,39,2180,May
AP_D27,AAH_ONT_20230517_055_FP_BW1,0.302,0.5,20230616,172033163,AAH,ONT,20230517,55,AAH_ONT_20230517_055_3,0.5,NA,NA,NA,20230517,3,Rosette Cast,3,189,NA,B,NA,NA,0-01-01T10:30:00Z,NA,5090,FF,Whole,1,20,0.22,NA,0-01-01T10:53:00Z,0-01-01T11:13:00Z,43.44421666666667,-77.43893333333334,43,2545,May
AP_D35,AAH_ONT_20230518_029_FP_BW1,28.6,0.5,20230615,172033163,AAH,ONT,20230518,29,AAH_ONT_20230518_029_2,0.5,NA,NA,NA,20230518,2,Rosette Cast,3,27,NA,B,NA,NA,0-01-01T15:52:00Z,NA,4740,FF,Whole,1,20,0.22,NA,0-01-01T16:04:00Z,0-01-01T16:24:00Z,43.81845,-78.86953333333334,32,2370,May
AP_D43,AAH_ONT_20230518_033_FP_MW1,49.9,0.5,20230616,172033163,AAH,ONT,20230518,33,AAH_ONT_20230518_033_2,0.5,NA,NA,NA,20230518,2,Rosette Cast,2,20,NA,M,NA,NA,0-01-01T11:50:00Z,NA,4840,FF,Whole,1,20,0.22,NA,0-01-01T12:04:00Z,0-01-01T12:22:00Z,43.596916666666665,-78.81335,32,2420,May
AP_D51,AAH_ONT_20230519_008_FP_EW1,53.4,0.5,20230615,172033163,AAH,ONT,20230519,8,AAH_ONT_20230519_008_1,0.5,NA,NA,NA,20230519,1,Rosette Cast,3,5,NA,E,NA,NA,0-01-01T13:26:00Z,NA,3020,FF,Whole,1,20,0.22,NA,0-01-01T13:34:00Z,0-01-01T13:55:00Z,43.623216666666664,-79.45183333333334,29,1510,May
AP_D60,AAH_ONT_20230519_017_FP_EW4,23.9,0.5,20230614,172033163,AAH,ONT,20230519,17,AAH_ONT_20230519_017_1,0.5,NA,NA,From same water as 017_E2,20230519,1,Rosette Cast,1,5,NA,E,NA,NA,0-01-01T07:06:00Z,NA,3840,FF,Whole,4,20,0.22,From same water as 017_E2,0-01-01T07:44:00Z,0-01-01T08:06:00Z,43.22506666666666,-79.27145,60,1920,May
AP_D74,AAH_ONT_20230927_012_FP_EW2,29.2,0.5,20231006,172033163,AAH,ONT,20230927,12,AAH_ONT_20230927_012_1,0.75,NA,NA,NA,20230927,1,Rosette Cast,3,5,NA,E,NA,NA,0-01-01T23:59:00Z,NA,4780,FF,Whole,2,20,0.22,NA,0-01-01T00:46:00Z,0-01-01T01:11:00Z,43.50345,-79.35313333,72,2390,September
AP_D82,AAH_ONT_20230927_017_FP_BW2,39.2,0.25,20231011,175026656_1,AAH,ONT,20230927,17,AAH_ONT_20230927_017_2,0.75,NA,NA,NA,20230927,2,Rosette Cast,3,10.9,NA,B,NA,NA,0-01-01T14:58:00Z,NA,3740,FF,Whole,2,20,0.22,NA,0-01-01T15:10:00Z,0-01-01T15:34:00Z,43.22538333,-79.27113333,36,935,September
AP_D90,AAH_ONT_20230927_033_FP_EW2,17.9,0.25,20231006,172033163,AAH,ONT,20230927,33,AAH_ONT_20230927_033_1,0.75,NA,NA,day sample,20230927,1,Rosette Cast,3,5,NA,E,NA,NA,0-01-01T09:55:00Z,NA,4000,FF,Whole,2,20,0.22,Day sample,0-01-01T10:53:00Z,0-01-01T11:14:00Z,43.5965,-78.81436667,79,1000,September
AP_D98,AAH_ONT_20230926_035_FP_MW2,30.3,0.25,20231011,175026656_1,AAH,ONT,20230926,35,AAH_ONT_20230926_035_2,0.75,NA,NA,NA,20230926,2,Rosette Cast,3,14.4,NA,M,NA,NA,0-01-01T13:54:00Z,NA,3960,FF,Whole,2,20,0.22,NA,0-01-01T15:08:00Z,0-01-01T15:31:00Z,43.36143333,-78.72943333,97,990,September
AP_D4,AAH_ONT_20230516_048_FP_EW2,61,0.5,20230609,172033163,AAH,ONT,20230516,48,AAH_ONT_20230516_048_1,0.5,NA,NA,NA,20230516,1,Rosette Cast,2,5,NA,E,NA,NA,0-01-01T18:07:00Z,NA,3040,FF,Whole,1,20,0.22,NA,0-01-01T18:56:00Z,0-01-01T19:10:00Z,43.8797,-77.43975,63,1520,May
AP_D12,AAH_ONT_20230516_064_FP_BW2,13.6,0.5,20230615,172033163,AAH,ONT,20230516,64,AAH_ONT_20230516_064_3,0.5,NA,NA,NA,20230516,3,Rosette Cast,2,224,NA,B,NA,NA,0-01-01T02:15:00Z,NA,5700,FF,Whole,2,20,0.22,NA,0-01-01T03:08:00Z,0-01-01T03:27:00Z,43.51975,-76.91836666666667,72,2850,May
AP_D20,AAH_ONT_20230517_041_FP_BW2,18.2,0.5,20230613,172033163,AAH,ONT,20230517,41,AAH_ONT_20230517_041_3,0.5,NA,NA,NA,20230517,3,Rosette Cast,3,127,NA,B,NA,NA,0-01-01T20:01:00Z,NA,5270,FF,Whole,2,20,0.22,NA,0-01-01T20:18:00Z,0-01-01T20:45:00Z,43.71661666666667,-78.02736666666667,44,2635,May
AP_D28,AAH_ONT_20230517_055_FP_BW2,7.76,0.5,20230616,172033163,AAH,ONT,20230517,55,AAH_ONT_20230517_055_3,0.5,NA,NA,NA,20230517,3,Rosette Cast,3,189,NA,B,NA,NA,0-01-01T10:30:00Z,NA,4850,FF,Whole,2,20,0.22,NA,0-01-01T11:00:00Z,0-01-01T11:15:00Z,43.44421666666667,-77.43893333333334,45,2425,May
AP_D36,AAH_ONT_20230518_029_FP_BW2,17.6,0.5,20230615,172033163,AAH,ONT,20230518,29,AAH_ONT_20230518_029_2,0.5,NA,NA,NA,20230518,2,Rosette Cast,3,27,NA,B,NA,NA,0-01-01T15:52:00Z,NA,3180,FF,Whole,2,20,0.22,NA,0-01-01T16:11:00Z,0-01-01T16:35:00Z,43.81845,-78.86953333333334,43,1590,May
AP_D44,AAH_ONT_20230518_033_FP_MW2,60.1,0.5,20230616,172033163,AAH,ONT,20230518,33,AAH_ONT_20230518_033_2,0.5,NA,NA,NA,20230518,2,Rosette Cast,2,20,NA,M,NA,NA,0-01-01T11:50:00Z,NA,5120,FF,Whole,2,20,0.22,NA,0-01-01T12:35:00Z,0-01-01T12:56:00Z,43.596916666666665,-78.81335,66,2560,May
AP_D52,AAH_ONT_20230519_008_FP_EW2,46.7,0.5,20230614,172033163,AAH,ONT,20230519,8,AAH_ONT_20230519_008_1,0.5,NA,NA,NA,20230519,1,Rosette Cast,3,5,NA,E,NA,NA,0-01-01T13:26:00Z,NA,3520,FF,Whole,2,20,0.22,NA,0-01-01T13:36:00Z,0-01-01T14:01:00Z,43.623216666666664,-79.45183333333334,35,1760,May
AP_D61,AAH_ONT_20230519_000_FP_NW1,NA,0.5,20230615,172033163,AAH,ONT,20230519,0,NA,0.5,NA,NA,NA,NA,NA,NA,NA,NA,NA,NA,NA,NA,NA,NA,8760,FF,Whole,1,20,0.22,NA,0-01-01T14:20:00Z,0-01-01T14:51:00Z,NA,NA,NA,4380,May
AP_D75,AAH_ONT_20230927_012_FP_MW1,21.2,0.5,20231011,175026656_1,AAH,ONT,20230927,12,AAH_ONT_20230927_012_2,0.75,NA,NA,NA,20230927,2,Rosette Cast,3,52,NA,M,NA,NA,0-01-01T23:32:00Z,NA,5220,FF,Whole,1,20,0.22,NA,0-01-01T23:45:00Z,0-01-01T00:11:00Z,43.50345,-79.35313333,39,2610,September
AP_D83,AAH_ONT_20230927_029_FP_EW1,34.2,0.25,20231011,175026656_1,AAH,ONT,20230927,29,AAH_ONT_20230927_029_1,0.75,NA,NA,In tubes labeled as B1,20230927,1,Rosette Cast,3,5,NA,E,NA,NA,0-01-01T04:45:00Z,NA,4610,FF,Whole,1,20,0.22,NA,0-01-01T04:52:00Z,0-01-01T05:17:00Z,43.81948333,-78.87111667,32,1152.5,September
AP_D91,AAH_ONT_20230927_033_FP_MW1,16.3,0.25,20231009,172033163,AAH,ONT,20230927,33,AAH_ONT_20230927_033_2,0.75,NA,NA,day sample,20230927,2,Rosette Cast,3,68.5,NA,M,NA,NA,0-01-01T09:29:00Z,NA,5340,FF,Whole,1,20,0.22,Day sample,0-01-01T09:44:00Z,0-01-01T10:08:00Z,43.5965,-78.81436667,39,1335,September
AP_D99,AAH_ONT_20230926_035_FP_BW1,35.3,0.25,20231011,175026656_1,AAH,ONT,20230926,35,AAH_ONT_20230926_035_3,0.75,NA,NA,NA,20230926,3,Rosette Cast,3,26.7,NA,B,NA,NA,0-01-01T13:53:00Z,NA,4900,FF,Whole,1,20,0.22,NA,0-01-01T14:04:00Z,0-01-01T14:29:00Z,43.36143333,-78.72943333,36,1225,September
AP_D5,AAH_ONT_20230516_048_FP_BW1,14.7,0.5,20230609,172033163,AAH,ONT,20230516,48,AAH_ONT_20230516_048_2,0.5,NA,NA,NA,20230516,2,Rosette Cast,3,35,NA,B,NA,NA,0-01-01T18:07:00Z,NA,3460,FF,Whole,1,20,0.22,NA,0-01-01T18:18:00Z,0-01-01T18:31:00Z,43.8797,-77.43975,24,1730,May
AP_D13,AAH_ONT_20230516_064_FP_EW1,143,0.5,20230615,172033163,AAH,ONT,20230516,64,AAH_ONT_20230516_064_1,0.5,NA,NA,NA,20230516,1,Rosette Cast,2,5,NA,E,NA,NA,0-01-01T02:15:00Z,NA,3500,FF,Whole,1,20,0.22,NA,0-01-01T03:07:00Z,0-01-01T03:26:00Z,43.51975,-76.91836666666667,71,1750,May
AP_D21,AAH_ONT_20230517_041_FP_EW1,74,0.5,20230614,172033163,AAH,ONT,20230517,41,AAH_ONT_20230517_041_1,0.5,NA,NA,NA,20230517,1,Rosette Cast,2,5,NA,E,NA,NA,0-01-01T20:24:00Z,NA,4180,FF,Whole,1,20,0.22,NA,0-01-01T20:49:00Z,0-01-01T21:11:00Z,43.71661666666667,-78.02736666666667,47,2090,May
AP_D29,AAH_ONT_20230517_055_FP_EW1,83.3,0.5,20230614,172033163,AAH,ONT,20230517,55,AAH_ONT_20230517_055_1,0.5,NA,NA,NA,20230517,1,Rosette Cast,1,5,NA,E,NA,NA,0-01-01T11:20:00Z,NA,2720,FF,Whole,1,20,0.22,NA,0-01-01T11:32:00Z,0-01-01T11:48:00Z,43.44421666666667,-77.43893333333334,28,1360,May
AP_D37,AAH_ONT_20230518_029_FP_EW1,43.4,0.5,20230615,172033163,AAH,ONT,20230518,29,AAH_ONT_20230518_029_3,0.5,NA,NA,NA,20230518,3,Rosette Cast,1,5,NA,E,NA,NA,0-01-01T15:52:00Z,NA,4085,FF,Whole,1,20,0.22,NA,0-01-01T16:08:00Z,0-01-01T16:28:00Z,43.81845,-78.86953333333334,36,2042.5,May
AP_D45,AAH_ONT_20230518_035_FP_BW1,30.5,0.5,20230615,172033163,AAH,ONT,20230518,35,AAH_ONT_20230518_035_2,0.5,NA,NA,NA,20230518,2,Rosette Cast,2,27,NA,B,NA,NA,0-01-01T07:58:00Z,NA,3420,FF,Whole,1,20,0.22,NA,0-01-01T08:15:00Z,0-01-01T08:33:00Z,43.36183333333334,-78.72948333333333,35,1710,May
AP_D53,AAH_ONT_20230519_012_FP_BW1,20.2,0.5,20230615,172033163,AAH,ONT,20230519,12,AAH_ONT_20230519_012_3,0.5,NA,NA,NA,20230519,3,Rosette Cast,3,102.8,NA,B,NA,NA,0-01-01T10:34:00Z,NA,4860,FF,Whole,1,20,0.22,NA,0-01-01T10:48:00Z,0-01-01T11:08:00Z,43.5035,-79.35378333333334,34,2430,May
AP_D62,EXTRACTION_NEGATIVE,NA,0.5,20230724,172033163,NA,NA,NA,NA,NA,NA,NA,NA,NA,NA,NA,NA,NA,NA,NA,NA,NA,NA,NA,NA,NA,NA,NA,NA,NA,NA,NA,NA,NA,NA,NA,NA,NA,NA
AP_D76,AAH_ONT_20230927_012_FP_MW2,18.2,0.5,20231009,172033163,AAH,ONT,20230927,12,AAH_ONT_20230927_012_2,0.75,NA,NA,NA,20230927,2,Rosette Cast,3,52,NA,M,NA,NA,0-01-01T23:32:00Z,NA,4300,FF,Whole,2,20,0.22,NA,0-01-01T00:26:00Z,0-01-01T00:47:00Z,43.50345,-79.35313333,75,2150,September
AP_D84,AAH_ONT_20230927_029_FP_EW2,23.5,0.25,20231011,175026656_1,AAH,ONT,20230927,29,AAH_ONT_20230927_029_1,0.75,NA,NA,NA,20230927,1,Rosette Cast,3,5,NA,E,NA,NA,0-01-01T04:45:00Z,NA,4750,FF,Whole,2,20,0.22,NA,0-01-01T05:47:00Z,0-01-01T06:12:00Z,43.81948333,-78.87111667,87,1187.5,September
AP_D92,AAH_ONT_20230927_033_FP_MW2,12.5,0.25,20231006,172033163,AAH,ONT,20230927,33,AAH_ONT_20230927_033_2,0.75,NA,NA,day sample,20230927,2,Rosette Cast,3,68.5,NA,M,NA,NA,0-01-01T09:29:00Z,NA,3860,FF,Whole,2,20,0.22,Day sample,0-01-01T10:33:00Z,0-01-01T10:50:00Z,43.5965,-78.81436667,81,965,September
AP_D100,AAH_ONT_20230926_035_FP_BW2,43.6,0.25,20231011,175026656_1,AAH,ONT,20230926,35,AAH_ONT_20230926_035_3,0.75,NA,NA,NA,20230926,3,Rosette Cast,3,26.7,NA,B,NA,NA,0-01-01T13:53:00Z,NA,4110,FF,Whole,2,20,0.22,NA,0-01-01T15:02:00Z,0-01-01T15:22:00Z,43.36143333,-78.72943333,89,1027.5,September
AP_D6,AAH_ONT_20230516_048_FP_BW2,12.7,0.5,20230609,172033163,AAH,ONT,20230516,48,AAH_ONT_20230516_048_2,0.5,NA,NA,NA,20230516,2,Rosette Cast,3,35,NA,B,NA,NA,0-01-01T18:07:00Z,NA,2400,FF,Whole,2,20,0.22,NA,0-01-01T18:27:00Z,0-01-01T18:34:00Z,43.8797,-77.43975,27,1200,May
AP_D14,AAH_ONT_20230516_064_FP_EW2,130,0.5,20230613,172033163,AAH,ONT,20230516,64,AAH_ONT_20230516_064_1,0.5,NA,NA,NA,20230516,1,Rosette Cast,2,5,NA,E,NA,NA,0-01-01T02:15:00Z,NA,3820,FF,Whole,2,20,0.22,NA,0-01-01T03:43:00Z,0-01-01T04:03:00Z,43.51975,-76.91836666666667,108,1910,May
AP_D22,AAH_ONT_20230517_041_FP_EW2,54.2,0.5,20230614,172033163,AAH,ONT,20230517,41,AAH_ONT_20230517_041_1,0.5,NA,NA,NA,20230517,1,Rosette Cast,2,5,NA,E,NA,NA,0-01-01T20:24:00Z,NA,2620,FF,Whole,2,20,0.22,NA,0-01-01T20:56:00Z,0-01-01T21:21:00Z,43.71661666666667,-78.02736666666667,57,1310,May
AP_D30,AAH_ONT_20230517_055_FP_EW2,74,0.5,20230614,172033163,AAH,ONT,20230517,55,AAH_ONT_20230517_055_1,0.5,NA,NA,NA,20230517,1,Rosette Cast,1,5,NA,E,NA,NA,0-01-01T11:20:00Z,NA,3600,FF,Whole,2,20,0.22,NA,0-01-01T11:33:00Z,0-01-01T11:48:00Z,43.44421666666667,-77.43893333333334,28,1800,May
AP_D38,AAH_ONT_20230518_029_FP_MW1,33.2,0.5,20230614,172033163,AAH,ONT,20230518,29,AAH_ONT_20230518_029_1,0.5,NA,NA,NA,20230518,1,Rosette Cast,1,19,NA,M,NA,NA,0-01-01T16:17:00Z,NA,4400,FF,Whole,1,20,0.22,NA,0-01-01T16:32:00Z,0-01-01T16:53:00Z,43.81845,-78.86953333333334,36,2200,May
AP_D46,AAH_ONT_20230518_035_FP_BW2,34.1,0.5,202305615,172033163,AAH,ONT,20230518,35,AAH_ONT_20230518_035_2,0.5,NA,NA,NA,20230518,2,Rosette Cast,2,27,NA,B,NA,NA,0-01-01T07:58:00Z,NA,3280,FF,Whole,2,20,0.22,NA,0-01-01T08:42:00Z,0-01-01T09:00:00Z,43.36183333333334,-78.72948333333333,62,1640,May
AP_D54,AAH_ONT_20230519_012_FP_BW2,17.6,0.5,20230615,172033163,AAH,ONT,20230519,12,AAH_ONT_20230519_012_3,0.5,NA,NA,NA,20230519,3,Rosette Cast,3,102.8,NA,B,NA,NA,0-01-01T10:34:00Z,NA,4940,FF,Whole,2,20,0.22,NA,0-01-01T10:53:00Z,0-01-01T11:16:00Z,43.5035,-79.35378333333334,42,2470,May
AP_D69,AAH_ONT_20230927_008_FP_EW1,34.9,0.5,20231006,172033163,AAH,ONT,20230927,8,AAH_ONT_20230927_008_1,0.75,NA,NA,NA,20230927,1,Rosette Cast,3,5,NA,E,NA,NA,0-01-01T20:28:00Z,NA,4600,FF,Whole,1,20,0.22,NA,0-01-01T20:33:00Z,0-01-01T20:58:00Z,43.62221667,-79.45091667,30,2300,September
AP_D77,AAH_ONT_20230927_012_FP_BW1,4.55,0.5,20231009,172033163,AAH,ONT,20230927,12,AAH_ONT_20230927_012_3,0.75,NA,NA,NA,20230927,3,Rosette Cast,3,102,NA,B,NA,NA,0-01-01T23:30:00Z,NA,4560,FF,Whole,1,20,0.22,NA,0-01-01T23:39:00Z,0-01-01T23:58:00Z,43.50345,-79.35313333,28,2280,September
AP_D85,AAH_ONT_20230927_029_FP_MW1,15.8,0.25,20231010,172033163,AAH,ONT,20230927,29,AAH_ONT_20230927_029_2,0.75,NA,NA,NA,20230927,2,Rosette Cast,3,15,NA,M,NA,NA,0-01-01T04:21:00Z,NA,3220,FF,Whole,1,20,0.22,NA,0-01-01T04:38:00Z,0-01-01T05:03:00Z,43.81948333,-78.87111667,42,805,September
AP_D93,AAH_ONT_20230927_033_FP_BW1,6.39,0.25,20231013,175026656_1,AAH,ONT,20230927,33,AAH_ONT_20230927_033_3,0.75,NA,NA,day sample,20230927,3,Rosette Cast,3,134.9,NA,B,NA,NA,0-01-01T09:25:00Z,NA,4200,FF,Whole,1,20,0.22,Day sample,0-01-01T09:38:00Z,0-01-01T09:55:00Z,43.5965,-78.81436667,30,1050,September
AP_D101,AAH_ONT_20230926_038_FP_EW1,17.1,0.25,20231006,172033163,AAH,ONT,20230926,38,AAH_ONT_20230926_038_1,0.75,NA,NA,NA,20230926,1,Rosette Cast,3,5,NA,E,NA,NA,0-01-01T10:45:00Z,NA,4140,FF,Whole,1,20,0.22,NA,0-01-01T10:54:00Z,0-01-01T11:49:00Z,43.38313333,-77.98871667,64,1035,September
AP_D7,AAH_ONT_20230515_074_FP_BW1,13.1,0.5,20230609,172033163,AAH,ONT,20230515,74,AAH_ONT_20230515_074_2,0.5,NA,NA,NA,20230515,2,Rosette Cast,2,66,NA,B,NA,NA,0-01-01T16:37:00Z,NA,2910,FF,Whole,1,20,0.22,NA,0-01-01T16:46:00Z,0-01-01T17:04:00Z,43.747366666666665,-76.51155,27,1455,May
AP_D15,AAH_ONT_20230516_064_FP_MW1,97.7,0.5,20230614,172033163,AAH,ONT,20230516,64,AAH_ONT_20230516_064_2,0.5,NA,NA,NA,20230516,2,Rosette Cast,2,14,NA,M,NA,NA,0-01-01T02:15:00Z,NA,3770,FF,Whole,1,20,0.22,NA,0-01-01T02:24:00Z,0-01-01T02:44:00Z,43.51975,-76.91836666666667,29,1885,May
AP_D23,AAH_ONT_20230517_041_FP_MW1,43.4,0.5,20230616,172033163,AAH,ONT,20230517,41,AAH_ONT_20230517_041_2,0.5,NA,NA,NA,20230517,2,Rosette Cast,2,24,NA,M,NA,NA,0-01-01T20:01:00Z,NA,3060,FF,Whole,1,20,0.22,NA,0-01-01T20:15:00Z,0-01-01T20:26:00Z,43.71661666666667,-78.02736666666667,25,1530,May
AP_D31,AAH_ONT_20230517_055_FP_MW1,55.4,0.5,20230614,172033163,AAH,ONT,20230517,55,AAH_ONT_20230517_055_2,0.5,NA,NA,NA,20230517,2,Rosette Cast,2,13,NA,M,NA,NA,0-01-01T10:30:00Z,NA,5770,FF,Whole,1,20,0.22,NA,0-01-01T10:56:00Z,0-01-01T11:26:00Z,43.44421666666667,-77.43893333333334,56,2885,May
AP_D39,AAH_ONT_20230518_033_FP_BW1,15.2,0.5,20230615,172033163,AAH,ONT,20230518,33,AAH_ONT_20230518_033_3,0.5,NA,NA,NA,20230518,3,Rosette Cast,3,135,NA,B,NA,NA,0-01-01T11:47:00Z,NA,5240,FF,Whole,1,20,0.22,NA,0-01-01T12:02:00Z,0-01-01T12:21:00Z,43.596916666666665,-78.81335,34,2620,May
AP_D47,AAH_ONT_20230518_035_FP_EW1,88.6,0.5,20230615,172033163,AAH,ONT,20230518,35,AAH_ONT_20230518_035_3,0.5,NA,NA,NA,20230518,3,Rosette Cast,2,5,NA,E,NA,NA,0-01-01T07:58:00Z,NA,3060,FF,Whole,1,20,0.22,NA,0-01-01T08:21:00Z,0-01-01T08:43:00Z,43.36183333333334,-78.72948333333333,45,1530,May
AP_D55,AAH_ONT_20230519_012_FP_EW1,73,0.5,20230614,172033163,AAH,ONT,20230519,12,AAH_ONT_20230519_012_1,0.5,NA,NA,NA,20230519,1,Rosette Cast,2,5,NA,E,NA,NA,0-01-01T11:15:00Z,NA,3500,FF,Whole,1,20,0.22,NA,0-01-01T11:27:00Z,0-01-01T11:45:00Z,43.5035,-79.35378333333334,30,1750,May
AP_D70,AAH_ONT_20230927_008_FP_EW2,42.9,0.5,20231011,175026656_1,AAH,ONT,20230927,8,AAH_ONT_20230927_008_1,0.75,NA,NA,NA,20230927,1,Rosette Cast,3,5,NA,E,NA,NA,0-01-01T20:28:00Z,NA,3960,FF,Whole,2,20,0.22,NA,0-01-01T21:12:00Z,0-01-01T21:37:00Z,43.62221667,-79.45091667,69,1980,September
AP_D78,AAH_ONT_20230927_012_FP_BW2,6,0.5,20231011,175026656_1,AAH,ONT,20230927,12,AAH_ONT_20230927_012_3,0.75,NA,NA,NA,20230927,3,Rosette Cast,3,102,NA,B,NA,NA,0-01-01T23:30:00Z,NA,4260,FF,Whole,2,20,0.22,NA,0-01-01T00:21:00Z,0-01-01T00:39:00Z,43.50345,-79.35313333,69,2130,September
AP_D86,AAH_ONT_20230927_029_FP_MW2,33.3,0.25,20231016,175026656_1,AAH,ONT,20230927,29,AAH_ONT_20230927_029_2,0.75,NA,NA,NA,20230927,2,Rosette Cast,3,15,NA,M,NA,NA,0-01-01T04:21:00Z,NA,3400,FF,Whole,2,20,0.22,NA,0-01-01T05:17:00Z,0-01-01T05:44:00Z,43.81948333,-78.87111667,83,850,September
AP_D94,AAH_ONT_20230927_033_FP_BW2,5.75,0.25,20231006,172033163,AAH,ONT,20230927,33,AAH_ONT_20230927_033_3,0.75,NA,NA,day sample,20230927,3,Rosette Cast,3,134.9,NA,B,NA,NA,0-01-01T09:25:00Z,NA,3740,FF,Whole,2,20,0.22,Day sample,0-01-01T10:26:00Z,0-01-01T10:43:00Z,43.5965,-78.81436667,78,935,September
AP_D102,AAH_ONT_20230926_038_FP_EW2,9.88,0.25,20231011,175026656_1,AAH,ONT,20230926,38,AAH_ONT_20230926_038_1,0.75,NA,NA,NA,20230926,1,Rosette Cast,3,5,NA,E,NA,NA,0-01-01T10:45:00Z,NA,3300,FF,Whole,2,20,0.22,end filtration time is estimate,0-01-01T12:05:00Z,0-01-01T12:35:00Z,43.38313333,-77.98871667,110,825,September
AP_D8,AAH_ONT_20230515_074_FP_BW2,11.6,0.5,20230609,172033163,AAH,ONT,20230515,74,AAH_ONT_20230515_074_2,0.5,NA,NA,NA,20230515,2,Rosette Cast,2,66,NA,B,NA,NA,0-01-01T16:37:00Z,NA,3360,FF,Whole,2,20,0.22,NA,0-01-01T17:30:00Z,0-01-01T17:50:00Z,43.747366666666665,-76.51155,73,1680,May
AP_D16,AAH_ONT_20230516_064_FP_MW2,101,0.5,20230614,172033163,AAH,ONT,20230516,64,AAH_ONT_20230516_064_2,0.5,NA,NA,NA,20230516,2,Rosette Cast,2,14,NA,M,NA,NA,0-01-01T02:15:00Z,NA,4250,FF,Whole,2,20,0.22,NA,0-01-01T03:10:00Z,0-01-01T03:33:00Z,43.51975,-76.91836666666667,78,2125,May
AP_D24,AAH_ONT_20230517_041_FP_MW2,30,0.5,20230515,172033163,AAH,ONT,20230517,41,AAH_ONT_20230517_041_2,0.5,NA,NA,NA,20230517,2,Rosette Cast,2,24,NA,M,NA,NA,0-01-01T20:01:00Z,NA,3140,FF,Whole,2,20,0.22,NA,0-01-01T20:36:00Z,0-01-01T20:46:00Z,43.71661666666667,-78.02736666666667,45,1570,May
AP_D32,AAH_ONT_20230517_055_FP_MW2,56.7,0.5,20230615,172033163,AAH,ONT,20230517,55,AAH_ONT_20230517_055_2,0.5,NA,NA,NA,20230517,2,Rosette Cast,2,13,NA,M,NA,NA,0-01-01T10:30:00Z,NA,3600,FF,Whole,2,20,0.22,NA,0-01-01T11:43:00Z,0-01-01T12:03:00Z,43.44421666666667,-77.43893333333334,93,1800,May
AP_D40,AAH_ONT_20230518_033_FP_BW2,17.7,0.5,20230616,172033163,AAH,ONT,20230518,33,AAH_ONT_20230518_033_3,0.5,NA,NA,NA,20230518,3,Rosette Cast,3,135,NA,B,NA,NA,0-01-01T11:47:00Z,NA,5040,FF,Whole,2,20,0.22,NA,0-01-01T12:06:00Z,0-01-01T12:35:00Z,43.596916666666665,-78.81335,48,2520,May
AP_D48,AAH_ONT_20230518_035_FP_MW1,66.6,0.5,20230616,172033163,AAH,ONT,20230518,35,AAH_ONT_20230518_035_1,0.5,NA,NA,NA,20230518,1,Rosette Cast,2,10,NA,M,NA,NA,0-01-01T07:58:00Z,NA,3400,FF,Whole,1,20,0.22,NA,0-01-01T08:21:00Z,0-01-01T08:41:00Z,43.36183333333334,-78.72948333333333,43,1700,May
AP_D57,AAH_ONT_20230519_012_FP_MW1,119,0.5,20230616,172033163,AAH,ONT,20230519,12,AAH_ONT_20230519_012_2,0.5,NA,NA,NA,20230519,2,Rosette Cast,3,15,NA,M,NA,NA,0-01-01T10:34:00Z,NA,4610,FF,Whole,1,20,0.22,NA,0-01-01T10:50:00Z,0-01-01T11:17:00Z,43.5035,-79.35378333333334,43,2305,May
AP_D71,AAH_ONT_20230927_008_FP_BW1,30.3,0.5,20231017,175026656_1,AAH,ONT,20230927,8,AAH_ONT_20230927_008_2,0.75,NA,NA,NA,20230927,2,Rosette Cast,3,13.4,NA,B,NA,NA,0-01-01T20:03:00Z,NA,4150,FF,Whole,1,20,0.22,NA,0-01-01T20:14:00Z,0-01-01T20:39:00Z,43.62221667,-79.45091667,36,2075,September
AP_D79,AAH_ONT_20230927_017_FP_EW1,42.6,0.5,20231013,175026656_1,AAH,ONT,20230927,17,AAH_ONT_20230927_017_1,0.75,NA,NA,NA,20230927,1,Rosette Cast,3,5,NA,E,NA,NA,0-01-01T15:00:00Z,NA,4100,FF,Whole,1,20,0.22,NA,0-01-01T15:14:00Z,0-01-01T15:42:00Z,43.22538333,-79.27113333,42,2050,September
AP_D87,AAH_ONT_20230927_029_FP_BW1,34.2,0.25,20231016,175026656_1,AAH,ONT,20230927,29,AAH_ONT_20230927_029_3,0.75,NA,NA,In tubes labeled as E1,20230927,3,Rosette Cast,3,27.9,NA,B,NA,NA,0-01-01T04:19:00Z,NA,3540,FF,Whole,1,20,0.22,NA,0-01-01T04:29:00Z,0-01-01T04:54:00Z,43.81948333,-78.87111667,35,885,September
AP_D95,AAH_ONT_20230926_035_FP_EW1,27.7,0.25,20231009,172033163,AAH,ONT,20230926,35,AAH_ONT_20230926_035_1,0.75,NA,NA,NA,20230926,1,Rosette Cast,3,5,NA,E,NA,NA,0-01-01T14:18:00Z,NA,3600,FF,Whole,1,20,0.22,NA,0-01-01T14:29:00Z,0-01-01T14:49:00Z,43.36143333,-78.72943333,31,900,September
PCR_Blanks,NA,NA,NA,NA,NA,NA,NA,NA,NA,NA,NA,NA,NA,NA,NA,NA,NA,NA,NA,NA,NA,NA,NA,NA,NA,NA,NA,NA,NA,NA,NA,NA,NA,NA,NA,NA,NA,NA,NA
AP_D103,AAH_ONT_20230926_038_FP_BW1,6.32,0.25,20231009,172033163,AAH,ONT,20230926,38,AAH_ONT_20230926_038_2,0.75,NA,NA,NA,20230926,2,Rosette Cast,3,16.6,NA,B,NA,NA,0-01-01T10:29:00Z,NA,4000,FF,Whole,1,20,0.22,NA,0-01-01T10:39:00Z,0-01-01T11:05:00Z,43.38313333,-77.98871667,36,1000,September
AP_D111,AAH_ONT_20230926_043_FP_EW1,26.3,0.25,20231006,172033163,AAH,ONT,20230926,43,AAH_ONT_20230926_043_1,0.75,NA,NA,NA,20230926,1,Rosette Cast,3,5,NA,E,NA,NA,0-01-01T04:13:00Z,NA,3860,FF,Whole,1,20,0.22,In tube labeled as BW1,0-01-01T04:21:00Z,0-01-01T04:46:00Z,43.94891667,-78.04683333,33,965,September
AP_D119,AAH_ONT_20230926_048_FP_BW1,32.5,0.25,20231011,175026656_1,AAH,ONT,20230926,48,AAH_ONT_20230926_048_3,0.75,NA,NA,NA,20230926,3,Rosette Cast,3,31.5,NA,B,NA,NA,0-01-01T00:45:00Z,NA,4000,FF,Whole,1,20,0.22,NA,0-01-01T00:56:00Z,0-01-01T01:21:00Z,43.87971667,-77.43926667,36,1000,September
AP_D127,AAH_ONT_20230923_064_FP_EW1,47.3,0.25,20231013,175026656_1,AAH,ONT,20230923,64,AAH_ONT_20230923_064_1,0.75,NA,NA,NA,20230923,1,Rosette Cast,3,5,NA,E,NA,NA,0-01-01T16:10:00Z,NA,4000,FF,Whole,1,20,0.22,was just pumping air for a bit randomly in the middle (fixed) so let it go for longer,0-01-01T17:15:00Z,0-01-01T17:46:00Z,43.5251,-76.92655,96,1000,September
AP_D135,AAH_ONT_20230923_066_FP_BW1,26.3,0.25,20231011,175026656_1,AAH,ONT,20230923,66,AAH_ONT_20230923_066_2,0.75,NA,NA,NA,20230923,2,Rosette Cast,3,15.8,NA,B,NA,NA,0-01-01T11:57:00Z,NA,5400,FF,Whole,1,20,0.22,NA,0-01-01T12:15:00Z,0-01-01T12:47:00Z,43.3332,-76.84138333,50,1350,September
AP_D143,AAH_ONT_20230924_717_FP_MW1,10.7,0.25,20231006,172033163,AAH,ONT,20230924,717,AAH_ONT_20230924_717_2,0.75,NA,NA,NA,20230924,2,Rosette Cast,3,18.5,NA,M,NA,NA,0-01-01T10:02:00Z,NA,4200,FF,Whole,1,20,0.22,NA,0-01-01T10:23:00Z,0-01-01T10:53:00Z,43.3004,-77.44073333,51,1050,September
AP_D151,AAH_ONT_20230926_033_FP_BW1,8.39,0.5,20231003,172033163,AAH,ONT,20230926,33,AAH_ONT_20230926_033_3,0.75,NA,NA,Night sample,20230926,3,Rosette Cast,3,134,NA,B,NA,NA,0-01-01T23:52:00Z,NA,4140,FF,Whole,1,20,0.22,Night sample,0-01-01T00:08:00Z,0-01-01T00:24:00Z,43.59733333,-78.8149,32,2070,September
AP_D104,AAH_ONT_20230926_038_FP_BW2,9.96,0.25,20231009,172033163,AAH,ONT,20230926,38,AAH_ONT_20230926_038_2,0.75,NA,NA,NA,20230926,2,Rosette Cast,3,16.6,NA,B,NA,NA,0-01-01T10:29:00Z,NA,5280,FF,Whole,2,20,0.22,NA,0-01-01T10:43:00Z,0-01-01T11:07:00Z,43.38313333,-77.98871667,38,1320,September
AP_D112,AAH_ONT_20230926_043_FP_EW2,39,0.25,20231013,175026656_1,AAH,ONT,20230926,43,AAH_ONT_20230926_043_1,0.75,NA,NA,NA,20230926,1,Rosette Cast,3,5,NA,E,NA,NA,0-01-01T04:13:00Z,NA,3780,FF,Whole,2,20,0.22,NA,0-01-01T05:09:00Z,0-01-01T05:34:00Z,43.94891667,-78.04683333,81,945,September
AP_D120,AAH_ONT_20230926_048_FP_BW2,18.7,0.25,20231010,175026656_1,AAH,ONT,20230926,48,AAH_ONT_20230926_048_3,0.75,NA,NA,NA,20230926,3,Rosette Cast,3,31.5,NA,B,NA,NA,0-01-01T00:45:00Z,NA,3600,FF,Whole,2,20,0.22,NA,0-01-01T01:34:00Z,0-01-01T01:56:00Z,43.87971667,-77.43926667,71,900,September
AP_D128,AAH_ONT_20230923_064_FP_EW2,42.9,0.25,20231010,175026656_1,AAH,ONT,20230923,64,AAH_ONT_20230923_064_1,0.75,NA,NA,NA,20230923,1,Rosette Cast,3,5,NA,E,NA,NA,0-01-01T16:10:00Z,NA,3640,FF,Whole,2,20,0.22,NA,0-01-01T16:19:00Z,0-01-01T16:46:00Z,43.5251,-76.92655,36,910,September
AP_D136,AAH_ONT_20230923_066_FP_BW2,30.3,0.25,20231018,175026656_1,AAH,ONT,20230923,66,AAH_ONT_20230923_066_2,0.75,NA,NA,NA,20230923,2,Rosette Cast,3,15.8,NA,B,NA,NA,0-01-01T11:57:00Z,NA,5280,FF,Whole,2,20,0.22,Small fuzz ball within cartridge,0-01-01T12:10:00Z,0-01-01T12:41:00Z,43.3332,-76.84138333,44,1320,September
AP_D144,AAH_ONT_20230924_717_FP_MW2,12.8,0.25,20231018,175026656_1,AAH,ONT,20230924,717,AAH_ONT_20230924_717_2,0.75,NA,NA,NA,20230924,2,Rosette Cast,3,18.5,NA,M,NA,NA,0-01-01T10:02:00Z,NA,4000,FF,Whole,2,20,0.22,NA,0-01-01T11:19:00Z,0-01-01T11:40:00Z,43.3004,-77.44073333,98,1000,September
AP_D152,AAH_ONT_20230926_033_FP_BW2,4.8,0.25,20231009,172033163,AAH,ONT,20230926,33,AAH_ONT_20230926_033_3,0.75,NA,NA,Night sample,20230926,3,Rosette Cast,3,134,NA,B,NA,NA,0-01-01T23:52:00Z,NA,3600,FF,Whole,2,20,0.22,"Night sample, lost a bit of flow through (<500mL)",0-01-01T00:41:00Z,0-01-01T00:59:00Z,43.59733333,-78.8149,67,900,September
AP_D105,AAH_ONT_20230926_041_FP_EW1,30.1,0.25,20231016,175026656_1,AAH,ONT,20230926,41,AAH_ONT_20230926_041_1,0.75,NA,NA,NA,20230926,1,Rosette Cast,3,5,NA,E,NA,NA,0-01-01T07:15:00Z,NA,4900,FF,Whole,1,20,0.22,NA,0-01-01T07:25:00Z,0-01-01T07:52:00Z,43.71741667,-78.02633333,37,1225,September
AP_D113,AAH_ONT_20230926_043_FP_BW1,19.4,0.25,20231006,172033163,AAH,ONT,20230926,43,AAH_ONT_20230926_043_2,0.75,NA,NA,NA,20230926,2,Rosette Cast,3,15.6,NA,B,NA,NA,0-01-01T03:51:00Z,NA,4200,FF,Whole,1,20,0.22,In tube labeled as EW1,0-01-01T04:03:00Z,0-01-01T04:28:00Z,43.94891667,-78.04683333,37,1050,September
AP_D121,AAH_ONT_20230925_055_FP_EW1,41.6,0.25,20231018,175026656_1,AAH,ONT,20230925,55,AAH_ONT_20230925_055_1,0.75,NA,NA,NA,20230925,1,Rosette Cast,3,5,NA,E,NA,NA,0-01-01T20:02:00Z,NA,4800,FF,Whole,1,20,0.22,NA,0-01-01T20:20:00Z,0-01-01T20:47:00Z,43.44283333,-77.4398,45,1200,September
AP_D129,AAH_ONT_20230923_064_FP_MW1,16.4,0.25,20231013,175026656_1,AAH,ONT,20230923,64,AAH_ONT_20230923_064_2,0.75,NA,NA,NA,20230923,2,Rosette Cast,3,106,NA,M,NA,NA,0-01-01T15:36:00Z,NA,4900,FF,Whole,1,20,0.22,NA,0-01-01T15:51:00Z,0-01-01T16:09:00Z,43.5251,-76.92655,33,1225,September
AP_D137,AAH_ONT_20230923_062_FP_EW1,39,0.25,20231017,175026656_1,AAH,ONT,20230923,62,AAH_ONT_20230923_062_1,0.75,NA,NA,NA,20230923,1,Rosette Cast,3,4.8,NA,E,NA,NA,0-01-01T21:51:00Z,NA,4180,FF,Whole,1,20,0.22,NA,0-01-01T21:58:00Z,0-01-01T22:22:00Z,43.86005,-77.00128333,31,1045,September
AP_D145,AAH_ONT_20230924_717_FP_BW1,4.3,0.25,20231009,172033163,AAH,ONT,20230924,717,AAH_ONT_20230924_717_3,0.75,NA,NA,NA,20230924,3,Rosette Cast,3,34.8,NA,B,NA,NA,0-01-01T09:59:00Z,NA,3120,FF,Whole,1,20,0.22,NA,0-01-01T10:17:00Z,0-01-01T10:41:00Z,43.3004,-77.44073333,42,780,September
AP_D153,AAH_ONT_20230928_000_FP_NW1,NA,0.25,20231006,172033163,AAH,ONT,20230928,0,NA,0.75,NA,NA,Negative control,NA,NA,NA,NA,NA,NA,NA,NA,NA,NA,NA,4100,FF,Whole,1,20,0.22,NA,0-01-01T01:10:00Z,0-01-01T01:27:00Z,NA,NA,NA,1025,September
AP_D106,AAH_ONT_20230926_041_FP_EW2,17.5,0.25,20231010,175026656_1,AAH,ONT,20230926,41,AAH_ONT_20230926_041_1,0.75,NA,NA,NA,20230926,1,Rosette Cast,3,5,NA,E,NA,NA,0-01-01T07:15:00Z,NA,3800,FF,Whole,2,20,0.22,NA,0-01-01T08:24:00Z,0-01-01T08:45:00Z,43.71741667,-78.02633333,90,950,September
AP_D114,AAH_ONT_20230926_043_FP_BW2,25.2,0.25,20231009,172033163,AAH,ONT,20230926,43,AAH_ONT_20230926_043_2,0.75,NA,NA,NA,20230926,2,Rosette Cast,3,15.6,NA,B,NA,NA,0-01-01T03:51:00Z,NA,4160,FF,Whole,2,20,0.22,NA,0-01-01T04:38:00Z,0-01-01T05:03:00Z,43.94891667,-78.04683333,72,1040,September
AP_D122,AAH_ONT_20230925_055_FP_EW2,27.9,0.25,20231011,175026656_1,AAH,ONT,20230925,55,AAH_ONT_20230925_055_1,0.75,NA,NA,NA,20230925,1,Rosette Cast,3,5,NA,E,NA,NA,0-01-01T20:02:00Z,NA,4460,FF,Whole,2,20,0.22,NA,0-01-01T21:12:00Z,0-01-01T21:38:00Z,43.44283333,-77.4398,96,1115,September
AP_D130,AAH_ONT_20230923_064_FP_MW2,16.4,0.25,20231009,172033163,AAH,ONT,20230923,64,AAH_ONT_20230923_064_2,0.75,NA,NA,NA,20230923,2,Rosette Cast,3,106,NA,M,NA,NA,0-01-01T15:36:00Z,NA,5160,FF,Whole,2,20,0.22,overflowed a bit in flow-through,0-01-01T16:31:00Z,0-01-01T17:04:00Z,43.5251,-76.92655,88,1290,September
AP_D138,AAH_ONT_20230923_062_FP_EW2,19.8,0.25,20231010,175026656_1,AAH,ONT,20230923,62,AAH_ONT_20230923_062_1,0.75,NA,NA,NA,20230923,1,Rosette Cast,3,4.8,NA,E,NA,NA,0-01-01T21:51:00Z,NA,4360,FF,Whole,2,20,0.22,NA,0-01-01T22:39:00Z,0-01-01T23:04:00Z,43.86005,-77.00128333,73,1090,September
AP_D146,AAH_ONT_20230924_717_FP_BW2,12,0.25,20231011,175026656_1,AAH,ONT,20230924,717,AAH_ONT_20230924_717_3,0.75,NA,NA,NA,20230924,3,Rosette Cast,3,34.8,NA,B,NA,NA,0-01-01T09:59:00Z,NA,3940,FF,Whole,2,20,0.22,dust bunny things on filter again,0-01-01T11:01:00Z,0-01-01T11:23:00Z,43.3004,-77.44073333,84,985,September
AP_D154,EXTRACTION_NEGATIVE,NA,1,20231018,175026656_1,NA,NA,NA,NA,NA,NA,NA,NA,NA,NA,NA,NA,NA,NA,NA,NA,NA,NA,NA,NA,NA,NA,NA,NA,NA,NA,NA,NA,NA,NA,NA,NA,NA,NA
AP_D107,AAH_ONT_20230926_041_FP_MW1,14.7,0.25,20231016,175026656_1,AAH,ONT,20230926,41,AAH_ONT_20230926_041_2,0.75,NA,NA,NA,20230926,2,Rosette Cast,3,63.9,NA,M,NA,NA,0-01-01T06:47:00Z,NA,4840,FF,Whole,1,20,0.22,NA,0-01-01T07:01:00Z,0-01-01T07:23:00Z,43.71741667,-78.02633333,36,1210,September
AP_D115,AAH_ONT_20230926_048_FP_EW1,38.2,0.25,20231011,175026656_1,AAH,ONT,20230926,48,AAH_ONT_20230926_048_1,0.75,NA,NA,NA,20230926,1,Rosette Cast,3,5,NA,E,NA,NA,0-01-01T01:12:00Z,NA,5020,FF,Whole,1,20,0.22,NA,0-01-01T01:20:00Z,0-01-01T01:45:00Z,43.87971667,-77.43926667,33,1255,September
AP_D123,AAH_ONT_20230925_055_FP_MW1,18.8,0.25,20231016,175026656_1,AAH,ONT,20230925,55,AAH_ONT_20230925_055_2,0.75,NA,NA,NA,20230925,2,Rosette Cast,3,96,NA,M,NA,NA,0-01-01T19:30:00Z,NA,5220,FF,Whole,1,20,0.22,NA,0-01-01T19:46:00Z,0-01-01T20:09:00Z,43.44283333,-77.4398,39,1305,September
AP_D131,AAH_ONT_20230923_064_FP_BW1,11.3,0.25,20231018,175026656_1,AAH,ONT,20230923,64,AAH_ONT_20230923_064_3,0.75,NA,NA,NA,20230923,3,Rosette Cast,3,210,NA,B,NA,NA,0-01-01T15:29:00Z,NA,4560,FF,Whole,1,20,0.22,NA,0-01-01T15:47:00Z,0-01-01T16:03:00Z,43.5251,-76.92655,34,1140,September
AP_D139,AAH_ONT_20230923_062_FP_BW1,35.4,0.25,20231011,175026656_1,AAH,ONT,20230923,62,AAH_ONT_20230923_062_2,0.75,NA,NA,NA,20230923,2,Rosette Cast,3,18,NA,B,NA,NA,0-01-01T21:30:00Z,NA,4020,FF,Whole,1,20,0.22,NA,0-01-01T21:42:00Z,0-01-01T22:02:00Z,43.86005,-77.00128333,32,1005,September
AP_D147,AAH_ONT_20230926_033_FP_EW1,27.7,0.5,20231003,172033163,AAH,ONT,20230926,33,AAH_ONT_20230926_033_1,0.75,NA,NA,Night sample,20230926,1,Rosette Cast,3,5,NA,E,NA,NA,0-01-01T23:59:00Z,NA,4420,FF,Whole,1,20,0.22,Night sample,0-01-01T00:12:00Z,0-01-01T00:37:00Z,43.59733333,-78.8149,38,2210,September
Zymo_Mock,NA,NA,NA,NA,NA,NA,NA,NA,NA,NA,NA,NA,NA,NA,NA,NA,NA,NA,NA,NA,NA,NA,NA,NA,NA,NA,NA,NA,NA,NA,NA,NA,NA,NA,NA,NA,NA,NA,NA
AP_D108,AAH_ONT_20230926_041_FP_MW2,22.3,0.25,20231011,175026656_1,AAH,ONT,20230926,41,AAH_ONT_20230926_041_2,0.75,NA,NA,NA,20230926,2,Rosette Cast,3,63.9,NA,M,NA,NA,0-01-01T06:47:00Z,NA,4200,FF,Whole,2,20,0.22,"volume filtered is an estimation, filter was put in on wrong side",0-01-01T07:58:00Z,0-01-01T08:19:00Z,43.71741667,-78.02633333,92,1050,September
AP_D116,AAH_ONT_20230926_048_FP_EW2,38.4,0.25,20231011,175026656_1,AAH,ONT,20230926,48,AAH_ONT_20230926_048_1,0.75,NA,NA,NA,20230926,1,Rosette Cast,3,5,NA,E,NA,NA,0-01-01T01:12:00Z,NA,4920,FF,Whole,2,20,0.22,NA,0-01-01T02:11:00Z,0-01-01T02:36:00Z,43.87971667,-77.43926667,84,1230,September
AP_D124,AAH_ONT_20230925_055_FP_MW2,11.9,0.25,20231017,175026656_1,AAH,ONT,20230925,55,AAH_ONT_20230925_055_2,0.75,NA,NA,NA,20230925,2,Rosette Cast,3,96,NA,M,NA,NA,0-01-01T19:30:00Z,NA,4500,FF,Whole,2,20,0.22,NA,0-01-01T20:26:00Z,0-01-01T20:45:00Z,43.44283333,-77.4398,75,1125,September
AP_D132,AAH_ONT_20230923_064_FP_BW2,9.25,0.25,20231011,175026656_1,AAH,ONT,20230923,64,AAH_ONT_20230923_064_3,0.75,NA,NA,NA,20230923,3,Rosette Cast,3,210,NA,B,NA,NA,0-01-01T15:29:00Z,NA,4240,FF,Whole,2,20,0.22,NA,0-01-01T16:21:00Z,0-01-01T16:43:00Z,43.5251,-76.92655,74,1060,September
AP_D140,AAH_ONT_20230923_062_FP_BW2,23,0.25,20231006,172033163,AAH,ONT,20230923,62,AAH_ONT_20230923_062_2,0.75,NA,NA,NA,20230923,2,Rosette Cast,3,18,NA,B,NA,NA,0-01-01T21:30:00Z,NA,3820,FF,Whole,2,20,0.22,NA,0-01-01T22:15:00Z,0-01-01T22:31:00Z,43.86005,-77.00128333,61,955,September
AP_D148,AAH_ONT_20230926_033_FP_EW2,34,0.25,20231009,172033163,AAH,ONT,20230926,33,AAH_ONT_20230926_033_1,0.75,NA,NA,Night sample,20230926,1,Rosette Cast,3,5,NA,E,NA,NA,0-01-01T23:59:00Z,NA,4400,FF,Whole,2,20,0.22,Night sample,0-01-01T01:00:00Z,0-01-01T01:25:00Z,43.59733333,-78.8149,86,1100,September
Blank1_10471351,NA,NA,NA,NA,NA,NA,NA,NA,NA,NA,NA,NA,NA,NA,NA,NA,NA,NA,NA,NA,NA,NA,NA,NA,NA,NA,NA,NA,NA,NA,NA,NA,NA,NA,NA,NA,NA,NA,NA
AP_D109,AAH_ONT_20230926_041_FP_BW1,3.54,0.25,20231009,172033163,AAH,ONT,20230926,41,AAH_ONT_20230926_041_3,0.75,NA,NA,NA,20230926,3,Rosette Cast,3,126,NA,B,NA,NA,0-01-01T06:45:00Z,NA,3300,FF,Whole,1,20,0.22,minor spill for 5 seconds,0-01-01T06:55:00Z,0-01-01T07:16:00Z,43.71741667,-78.02633333,31,825,September
AP_D117,AAH_ONT_20230926_048_FP_MW1,36,0.25,20231009,172033163,AAH,ONT,20230926,48,AAH_ONT_20230926_048_2,0.75,NA,NA,NA,20230926,2,Rosette Cast,3,16.5,NA,M,NA,NA,0-01-01T00:48:00Z,NA,4160,FF,Whole,1,20,0.22,NA,0-01-01T01:02:00Z,0-01-01T01:27:00Z,43.87971667,-77.43926667,39,1040,September
AP_D125,AAH_ONT_20230925_055_FP_BW1,10.4,0.25,20231017,175026656_1,AAH,ONT,20230925,55,AAH_ONT_20230925_055_3,0.75,NA,NA,NA,20230925,3,Rosette Cast,3,189.6,NA,B,NA,NA,0-01-01T19:26:00Z,NA,4540,FF,Whole,1,20,0.22,"Small black fleck came through tubing onto filter, not sure if it was within tubing or within bottle (or from environment?)",0-01-01T19:39:00Z,0-01-01T19:57:00Z,43.44283333,-77.4398,31,1135,September
AP_D133,AAH_ONT_20230923_066_FP_EW1,36.8,0.25,20231017,175026656_1,AAH,ONT,20230923,66,AAH_ONT_20230923_066_1,0.75,NA,NA,NA,20230923,1,Rosette Cast,3,5,NA,E,NA,NA,0-01-01T12:32:00Z,NA,4680,FF,Whole,1,20,0.22,NA,0-01-01T12:41:00Z,0-01-01T12:58:00Z,43.3332,-76.84138333,26,1170,September
AP_D141,AAH_ONT_20230924_717_FP_EW1,33.2,0.25,20231009,172033163,AAH,ONT,20230924,717,AAH_ONT_20230924_717_1,0.75,NA,NA,NA,20230924,1,Rosette Cast,3,5,NA,E,NA,NA,0-01-01T10:28:00Z,NA,4330,FF,Whole,1,20,0.22,NA,0-01-01T10:39:00Z,0-01-01T11:04:00Z,43.3004,-77.44073333,36,1082.5,September
AP_D149,AAH_ONT_20230926_033_FP_MW1,8.23,0.5,20231003,172033163,AAH,ONT,20230926,33,AAH_ONT_20230926_033_2,0.75,NA,NA,Night sample,20230926,2,Rosette Cast,3,68,NA,M,NA,NA,0-01-01T23:57:00Z,NA,4220,FF,Whole,1,20,0.22,Night sample,0-01-01T00:15:00Z,0-01-01T00:32:00Z,43.59733333,-78.8149,35,2110,September
Blank2_10471351,NA,NA,NA,NA,NA,NA,NA,NA,NA,NA,NA,NA,NA,NA,NA,NA,NA,NA,NA,NA,NA,NA,NA,NA,NA,NA,NA,NA,NA,NA,NA,NA,NA,NA,NA,NA,NA,NA,NA
AP_D110,AAH_ONT_20230926_041_FP_BW2,4.46,0.25,20231010,172033163,AAH,ONT,20230926,41,AAH_ONT_20230926_041_3,0.75,NA,NA,NA,20230926,3,Rosette Cast,3,126,NA,B,NA,NA,0-01-01T06:45:00Z,NA,2160,FF,Whole,2,20,0.22,NA,0-01-01T07:49:00Z,0-01-01T08:07:00Z,43.71741667,-78.02633333,82,540,September
AP_D118,AAH_ONT_20230926_048_FP_MW2,33.6,0.25,20231016,175026656_1,AAH,ONT,20230926,48,AAH_ONT_20230926_048_2,0.75,NA,NA,NA,20230926,2,Rosette Cast,3,16.5,NA,M,NA,NA,0-01-01T00:48:00Z,NA,3700,FF,Whole,2,20,0.22,NA,0-01-01T01:44:00Z,0-01-01T02:07:00Z,43.87971667,-77.43926667,79,925,September
AP_D126,AAH_ONT_20230925_055_FP_BW2,11.3,0.25,20231011,175026656_1,AAH,ONT,20230925,55,AAH_ONT_20230925_055_3,0.75,NA,NA,NA,20230925,3,Rosette Cast,3,189.6,NA,B,NA,NA,0-01-01T19:26:00Z,NA,4740,FF,Whole,2,20,0.22,NA,0-01-01T20:12:00Z,0-01-01T20:31:00Z,43.44283333,-77.4398,65,1185,September
AP_D134,AAH_ONT_20230923_066_FP_EW2,24.6,0.25,20231009,172033163,AAH,ONT,20230923,66,AAH_ONT_20230923_066_1,0.75,NA,NA,NA,20230923,1,Rosette Cast,3,5,NA,E,NA,NA,0-01-01T12:32:00Z,NA,4240,FF,Whole,2,20,0.22,NA,0-01-01T13:13:00Z,0-01-01T13:13:00Z,43.3332,-76.84138333,41,1060,September
AP_D142,AAH_ONT_20230924_717_FP_EW2,43.4,0.25,20231009,172033163,AAH,ONT,20230924,717,AAH_ONT_20230924_717_1,0.75,NA,NA,NA,20230924,1,Rosette Cast,3,5,NA,E,NA,NA,0-01-01T10:28:00Z,NA,4365,FF,Whole,2,20,0.22,NA,0-01-01T11:27:00Z,0-01-01T11:48:00Z,43.3004,-77.44073333,80,1091.25,September
AP_D150,AAH_ONT_20230926_033_FP_MW2,11.6,0.25,20231011,175026656_1,AAH,ONT,20230926,33,AAH_ONT_20230926_033_2,0.75,NA,NA,Night sample,20230926,2,Rosette Cast,3,68,NA,M,NA,NA,0-01-01T23:57:00Z,NA,4100,FF,Whole,2,20,0.22,Night sample,0-01-01T00:50:00Z,0-01-01T01:08:00Z,43.59733333,-78.8149,71,1025,September
