DNA_ID,input,filtered,denoisedF,denoisedR,merged,nochim,perc_reads_retained,Sample_ID,Concentration_ng_ul,Filter_Extracted,Extraction_Date,Lot_Number,Project_ID,Location_ID,Date_Collected,Station_ID,Deployment_ID,FP_or_PT_Sample_Remaining_fraction,SD_remaining_est,Freezer_Temp_NegDegrees,Notes,Date,D_Number,Deployment_Type,Niskin_bottles,Deployment_Depth_m,Integrated_Depths_m,Depth_Class,Max_Depth,Temp_at_Deployment,Deployment_Time,Total_Filtration_Time_min,Volume_Filtered_mL,Storage_Code,Fraction,Replicate,Upper_Size_um,Lower_Size_um,NOTES,Start_Filtration_Time,End_Filtration_Time,Latitude,Longitude,lag,water_extracted,month,avg_cells_per_ml,Depth_Range,Chem_Depth,is_Fmax,is_stratified,EPA_Comments,NH4,NOx,SRP,TN,TP,K,Na,Ca,Mg,Cl,SO4,DOC,Si,chl_a,pressure,temperature,conductivity,oxygenRaw,par,beamAttenuation,beamTransmission,fluorescence,spar,upoly,oxygen,conductivity2,flag,salinity,temperature2,oxygenRaw2,conductivity3,oxygen2,transect,good_oxygen
AP_D1,69027,48217,46611,46651,45363,44190,64.01842757181973,AAH_ONT_20230519_017_FP_EW1,28,0.5,20230608,172033163,AAH,ONT,20230519,17,AAH_ONT_20230519_017_1,0,NA,NA,"Filters upside down, so stopped and re-ran with fresh filters",20230519,1,Rosette Cast,1,5,NA,E,NA,NA,0-01-01T07:06:00Z,NA,1500,FF,Whole,1,20,0.22,"Filters upside down, so stopped and re-ran with fresh filters",0-01-01T07:17:00Z,0-01-01T07:34:00Z,43.22506666666666,-79.27145,28,750,May,NA,< 10 m,5,no,unstratified,NA,35.7,295,2.15,492,4.67,1.529848302641993,13.725000000000001,32.36,9.164,23.1097,23.3691,2.435,0.816,0.55,4.921,5.9916,194.77892400000002,2.1551,26.85,0.629,85.4498,0.17582,287.49,0.3701934,12.4599,314.2085,0,2245518.8623499526,NA,NA,NA,NA,T1,12.4599
AP_D9,41411,28469,27641,27785,26654,25778,62.249160850981625,AAH_ONT_20230515_074_FP_EW1,106,0.5,20230609,172033163,AAH,ONT,20230515,74,AAH_ONT_20230515_074_1,0.5,NA,NA,NA,20230515,1,Rosette Cast,2,5,NA,E,NA,NA,0-01-01T16:37:00Z,NA,3510,FF,Whole,1,20,0.22,NA,0-01-01T14:49:00Z,0-01-01T17:13:00Z,43.747366666666665,-76.51155,36,1755,May,3173752.217821782,< 10 m,5,yes,stratified,NA,13.4,259,1.87,472,4.45,1.7862889484604554,14.076,30.98,8.64,24.8078,23.4899,2.942,1.07,4.8,4.887,9.2661,213.519764,2.5006,471.58,0.9845,78.1831,0.56044,1719,0.3440003,13.745750000000001,311.541,0,2245712.305789462,NA,NA,NA,NA,T5,13.745750000000001
AP_D17,44873,31754,30810,30791,29370,28214,62.87522563679718,AAH_ONT_20230516_066_FP_EW1,65.1,0.5,20230613,172033163,AAH,ONT,20230516,66,AAH_ONT_20230516_066_1,0.5,NA,NA,NA,20230516,1,Rosette Cast,2,5,NA,E,NA,NA,0-01-01T07:25:00Z,NA,2920,FF,Whole,1,20,0.22,NA,0-01-01T07:32:00Z,0-01-01T07:48:00Z,43.333666666666666,-76.83433333333333,23,1460,May,5076274.419525674,< 10 m,5,no,unstratified,NA,16.4,270,1.62,489,5.54,1.8382634000172544,14.876999999999999,31.96,8.952,25.7602,24.7462,2.803,0.842,2.06,4.897,12.3324,240.974532,2.442,56.202,0.6832,84.2997,0.58242,362.32,0.3527313,12.3597,322.719,0,2486388.3521219236,NA,NA,NA,NA,T5,12.3597
AP_D25,39900,26624,25751,25768,24746,24078,60.34586466165413,AAH_ONT_20230517_043_FP_EW1,24.8,0.5,20230613,172033163,AAH,ONT,20230517,43,AAH_ONT_20230517_043_1,0.5,NA,NA,NA,20230517,1,Rosette Cast,2,5,NA,E,NA,NA,0-01-01T17:09:00Z,NA,4000,FF,Whole,1,20,0.22,NA,0-01-01T17:27:00Z,0-01-01T17:42:00Z,43.950116666666666,-78.04975,33,2000,May,2889886.875431729,< 10 m,5,no,unstratified,NA,11.8,222,0.863,499,5.48,1.6316852169318026,14.703,32.9,9.164,24.7628,23.7067,2.498,1.28,0.56,4.91,5.8797,196.309483,2.1685,420.23,0.2421,94.1281,0.079365,1226.8,0.4030386,12.5967,317.841,0,2310594.3148969803,NA,NA,NA,NA,T3,12.5967
AP_D33,22430,11515,10839,10784,10106,9653,43.03611234953188,AAH_ONT_20230517_717_FP_EW1,151,0.5,20230613,172033163,AAH,ONT,20230517,717,AAH_ONT_20230517_717_1,0.5,NA,NA,NA,20230517,1,Rosette Cast,2,5,NA,E,NA,NA,0-01-01T08:17:00Z,NA,3100,FF,Whole,1,20,0.22,NA,0-01-01T08:28:00Z,0-01-01T08:46:00Z,43.30056666666667,-77.44083333333333,29,1550,May,3552719.654616624,< 10 m,5,yes,NA,NA,17.4,334,0.876,477,3.43,1.768242451726188,14.484000000000002,32.88,8.796,24.8058,23.6466,2.198,1.15,0.44,4.887,10.2099,210.512261,2.5018,81.047,1.179,74.4713,1.5128,563.17,0.0483931,13.4244,298.918,0,2027832.859512056,NA,NA,NA,NA,T4,13.4244
AP_D41,53787,36082,35262,35145,34301,33014,61.37914365924852,AAH_ONT_20230518_033_FP_EW1,84.5,0.5,20230613,172033163,AAH,ONT,20230518,33,AAH_ONT_20230518_033_1,0.5,NA,NA,NA,20230518,1,Rosette Cast,2,5,NA,E,NA,NA,0-01-01T12:25:00Z,NA,3200,FF,Whole,1,20,0.22,NA,0-01-01T12:45:00Z,0-01-01T13:06:00Z,43.596916666666665,-78.81335,41,1600,May,5429465.02601888,< 10 m,5,yes,stratified,NA,13.5,316,2.08,473,6.64,1.5695684564345505,13.767000000000001,33.26,9.092,23.2296,23.4689,2.508,1.21,3.44,4.901,7.9339,203.198648,2.4261,760.62,0.6486,85.0316,0.32845,1780.1,0.3311117,13.6787,308.355,0,2170517.842310791,NA,NA,NA,NA,T2,13.6787
AP_D49,61580,39115,37816,37820,36368,35121,57.03312763884378,AAH_ONT_20230518_038_FP_EW1,92.3,0.5,20230615,172033163,AAH,ONT,20230518,38,AAH_ONT_20230518_038_1,0.5,NA,NA,NA,20230518,1,Rosette Cast,2,5,NA,E,NA,NA,0-01-01T02:28:00Z,NA,3620,FF,Whole,1,20,0.22,NA,0-01-01T02:50:00Z,0-01-01T03:16:00Z,43.38341666666667,-77.98966666666666,48,1810,May,5811794.658070458,< 10 m,5,yes,unstratified,NA,17.6,237,0.352,416,8.27,1.633294485392623,11.385,29.94,8.638,20.1485,21.8617,2.692,1.4,3.32,4.872,12.3816,219.714236,2.348,1e-12,0.9831,78.2092,0.96947,0,0.3053344,11.7568,293.881,0,1955173.5196917157,NA,NA,NA,NA,T3,11.7568
AP_D58,52334,33406,32734,32651,31620,30039,57.39863186456223,AAH_ONT_20230519_012_FP_MW2,69.2,0.5,20230615,172033163,AAH,ONT,20230519,12,AAH_ONT_20230519_012_2,0.5,NA,NA,NA,20230519,2,Rosette Cast,3,15,NA,M,NA,NA,0-01-01T10:34:00Z,NA,3960,FF,Whole,2,20,0.22,NA,0-01-01T11:35:00Z,0-01-01T11:56:00Z,43.5035,-79.35378333333334,82,1980,May,4733650.712410776,10-20 m,15,yes,stratified,NA,5.87,282,1.26,474,5.37,1.401345224815463,13.799999999999999,32.48,9.154,23.1792,23.2234,2.601,0.847,3.2,14.741,6.135,194.109511,2.3272,53.725,0.5001,88.2467,1.0586,1453.2,0.3406742,13.692,311.71,0,2202433.535422276,NA,NA,NA,NA,T1,13.692
AP_D72,87697,63256,61736,61738,59630,58538,66.75028792319007,AAH_ONT_20230927_008_FP_BW2,33.6,0.5,20231016,175026656_1,AAH,ONT,20230927,8,AAH_ONT_20230927_008_2,0.75,NA,NA,NA,20230927,2,Rosette Cast,3,13.4,NA,B,NA,NA,0-01-01T20:03:00Z,NA,3920,FF,Whole,2,20,0.22,NA,0-01-01T20:49:00Z,0-01-01T21:14:00Z,43.62221667,-79.45091667,71,1960,September,4845083.469491135,10-20 m,13.4,no,unstratified,NA,44,161,1.27,381,3.23,1.537,13.008000000000001,29.96,8.638,22.3409,22.0139,2.68,0.63,1.48,13.126,18.9671,265.366108,0.0281,1e-12,0.8972,79.9083,0.86081,1.9691,0.2974395,-2.1942,266.409762,0,2100446.481866441,18.9651,2.5055,301.743,9.1178,T1,9.1178
AP_D80,86910,64171,62791,62736,60563,59107,68.00943504775054,AAH_ONT_20230927_017_FP_EW2,19.9,0.5,20231009,172033163,AAH,ONT,20230927,17,AAH_ONT_20230927_017_1,0.75,NA,NA,NA,20230927,1,Rosette Cast,3,5,NA,E,NA,NA,0-01-01T15:00:00Z,NA,1920,FF,Whole,2,20,0.22,tube burst and re-ran with new filters,0-01-01T16:31:00Z,0-01-01T16:38:00Z,43.22538333,-79.27113333,98,960,September,6822214.384987337,< 10 m,5,no,unstratified,NA,25,185,1.18,396,3.48,1.459,12.657,27.94,8.518,20.2255,19.8245,2.734,0.76,2.74,4.89,18.4061,264.595054,0.0281,352.99,0.9538,78.7843,0.97802,1843.1,0.3194746,-2.2159,265.679468,0,2155803.080348457,18.4088,2.5336,304.761,9.3385,T1,9.3385
AP_D88,104403,75434,73935,73903,71380,69368,66.44253517619225,AAH_ONT_20230927_029_FP_BW2,24,0.25,20231011,175026656_1,AAH,ONT,20230927,29,AAH_ONT_20230927_029_3,0.75,NA,NA,NA,20230927,3,Rosette Cast,3,27.9,NA,B,NA,NA,0-01-01T04:19:00Z,NA,3800,FF,Whole,2,20,0.22,NA,0-01-01T05:12:00Z,0-01-01T05:37:00Z,43.81948333,-78.87111667,78,950,September,6078048.5014966605,20-30 m,27.9,no,unstratified,NA,15.6,135,0.352,358,4.28,1.276,12.803999999999998,30.58,8.512,23.2538,22.6415,2.884,0.675,2.12,27.3385,19.0286,266.222196,0.0281,1e-12,1.0093,77.6995,0.8315,0,0.0558845,-2.1969,267.323319,0,2110362.1476927334,19.026049999999998,2.5385,302.305,9.2689,T2,9.2689
AP_D96,122493,90224,88210,88094,85005,82071,67.00056329749455,AAH_ONT_20230926_035_FP_EW2,16.7,0.25,20231013,175026656_1,AAH,ONT,20230926,35,AAH_ONT_20230926_035_1,0.75,NA,NA,NA,20230926,1,Rosette Cast,3,5,NA,E,NA,NA,0-01-01T14:18:00Z,NA,3000,FF,Whole,2,20,0.22,replaced free-living filter early too,0-01-01T15:08:00Z,0-01-01T15:23:00Z,43.36143333,-78.72943333,65,750,September,5717012.772737739,< 10 m,5,NA,NA,NA,26.1,262,0.796,501,4.28,1.507,13.068,30.32,8.478,23.0837,22.7659,2.452,1.08,1.85,4.926,12.7614,231.676218,0.0269,457.22,0.7168,83.5939,0.6044,1679.6,0.0554688,-2.5186,232.894246,0,2186751.3871201016,12.7454,2.4335,306.859,10.0621,T2,10.0621
AP_D2,66924,45932,44602,44462,43231,42104,62.91315522084753,AAH_ONT_20230519_017_FP_EW2,32.8,0.5,20230608,172033163,AAH,ONT,20230519,17,AAH_ONT_20230519_017_1,0,NA,NA,"Filters upside down, so stopped and re-ran with fresh filters",20230519,1,Rosette Cast,1,5,NA,E,NA,NA,0-01-01T07:06:00Z,NA,1620,FF,Whole,2,20,0.22,"Filters upside down, so stopped and re-ran with fresh filters",0-01-01T07:18:00Z,0-01-01T07:34:00Z,43.22506666666666,-79.27145,28,810,May,NA,< 10 m,5,no,unstratified,NA,35.7,295,2.15,492,4.67,1.529848302641993,13.725000000000001,32.36,9.164,23.1097,23.3691,2.435,0.816,0.55,4.921,5.9916,194.77892400000002,2.1551,26.85,0.629,85.4498,0.17582,287.49,0.3701934,12.4599,314.2085,0,2245518.8623499526,NA,NA,NA,NA,T1,12.4599
AP_D10,45475,31211,30514,30436,29444,28508,62.68938977460143,AAH_ONT_20230515_074_FP_MW1,72.4,0.5,20230609,172033163,AAH,ONT,20230515,74,AAH_ONT_20230515_074_3,0.5,NA,NA,NA,20230515,3,Rosette Cast,2,14,NA,M,NA,NA,0-01-01T16:37:00Z,NA,3400,FF,Whole,1,20,0.22,NA,0-01-01T17:06:00Z,0-01-01T17:26:00Z,43.747366666666665,-76.51155,49,1700,May,2976663.5339626987,10-20 m,14,yes,stratified,NA,10.7,264,1.62,465,1.76,1.7780069383611046,14.172,31.28,8.844,24.9766,23.772,2.528,1.03,4.8,13.729,8.6609,210.130221,2.4713,36.311,0.9142,79.5685,1.359,1744.6,0.3469107,13.784600000000001,312.166,0,2250080.5673497836,NA,NA,NA,NA,T5,13.784600000000001
AP_D18,56309,40948,39981,40070,38616,37407,66.43165390967697,AAH_ONT_20230516_066_FP_EW2,50.7,0.5,20230615,172033163,AAH,ONT,20230516,66,AAH_ONT_20230516_066_1,0.5,NA,NA,NA,20230516,1,Rosette Cast,2,5,NA,E,NA,NA,0-01-01T07:25:00Z,NA,3060,FF,Whole,2,20,0.22,NA,0-01-01T07:34:00Z,0-01-01T07:50:00Z,43.333666666666666,-76.83433333333333,25,1530,May,5448037.1521989405,< 10 m,5,no,unstratified,NA,16.4,270,1.62,489,5.54,1.8382634000172544,14.876999999999999,31.96,8.952,25.7602,24.7462,2.803,0.842,2.06,4.897,12.3324,240.974532,2.442,56.202,0.6832,84.2997,0.58242,362.32,0.3527313,12.3597,322.719,0,2486388.3521219236,NA,NA,NA,NA,T5,12.3597
AP_D26,52469,35308,34516,34542,33552,32680,62.28439650079094,AAH_ONT_20230517_043_FP_EW2,40.3,0.5,20230615,172033163,AAH,ONT,20230517,43,AAH_ONT_20230517_043_1,0.5,NA,NA,NA,20230517,1,Rosette Cast,2,5,NA,E,NA,NA,0-01-01T17:09:00Z,NA,3280,FF,Whole,2,20,0.22,NA,0-01-01T17:29:00Z,0-01-01T17:52:00Z,43.950116666666666,-78.04975,43,1640,May,2684152.5466267555,< 10 m,5,no,unstratified,NA,11.8,222,0.863,499,5.48,1.6316852169318026,14.703,32.9,9.164,24.7628,23.7067,2.498,1.28,0.56,4.91,5.8797,196.309483,2.1685,420.23,0.2421,94.1281,0.079365,1226.8,0.4030386,12.5967,317.841,0,2310594.3148969803,NA,NA,NA,NA,T3,12.5967
AP_D34,34457,21382,20329,20285,19088,18166,52.72078242447108,AAH_ONT_20230517_717_FP_EW2,150,0.5,20230615,172033163,AAH,ONT,20230517,717,AAH_ONT_20230517_717_1,0.5,NA,NA,NA,20230517,1,Rosette Cast,2,5,NA,E,NA,NA,0-01-01T08:17:00Z,NA,2800,FF,Whole,2,20,0.22,NA,0-01-01T08:30:00Z,0-01-01T08:49:00Z,43.30056666666667,-77.44083333333333,32,1400,May,4843162.215058715,< 10 m,5,yes,NA,NA,17.4,334,0.876,477,3.43,1.768242451726188,14.484000000000002,32.88,8.796,24.8058,23.6466,2.198,1.15,0.44,4.887,10.2099,210.512261,2.5018,81.047,1.179,74.4713,1.5128,563.17,0.0483931,13.4244,298.918,0,2027832.859512056,NA,NA,NA,NA,T4,13.4244
AP_D42,53367,35753,34962,34876,34025,32882,61.61485562238837,AAH_ONT_20230518_033_FP_EW2,94.7,0.5,20230615,172033163,AAH,ONT,20230518,33,AAH_ONT_20230518_033_1,0.5,NA,NA,NA,20230518,1,Rosette Cast,2,5,NA,E,NA,NA,0-01-01T12:25:00Z,NA,3540,FF,Whole,2,20,0.22,NA,0-01-01T12:39:00Z,0-01-01T13:01:00Z,43.596916666666665,-78.81335,36,1770,May,5532252.138153349,< 10 m,5,yes,stratified,NA,13.5,316,2.08,473,6.64,1.5695684564345505,13.767000000000001,33.26,9.092,23.2296,23.4689,2.508,1.21,3.44,4.901,7.9339,203.198648,2.4261,760.62,0.6486,85.0316,0.32845,1780.1,0.3311117,13.6787,308.355,0,2170517.842310791,NA,NA,NA,NA,T2,13.6787
AP_D50,63019,46557,45578,45469,44121,42893,68.06359986670687,AAH_ONT_20230518_038_FP_MW1,58,0.5,20230615,172033163,AAH,ONT,20230518,38,AAH_ONT_20230518_038_2,0.5,NA,NA,NA,20230518,2,Rosette Cast,2,14,NA,M,NA,NA,0-01-01T02:28:00Z,NA,1560,FF,Whole,1,20,0.22,NA,0-01-01T02:51:00Z,0-01-01T03:24:00Z,43.38341666666667,-77.98966666666666,56,780,May,5432987.325811651,10-20 m,14,yes,unstratified,NA,13.1,235,0.352,449,8.66,1.6111361280548793,11.358,30,8.494,20.2096,21.8563,2.692,1.05,4.84,13.767,11.2724,211.925151,2.4274,1e-12,1.0086,77.7126,1.6947,0,0.2999295,12.6087,292.101,0,1918684.9850468275,NA,NA,NA,NA,T3,12.6087
AP_D59,53142,38005,36840,36824,35760,34869,65.61476798012872,AAH_ONT_20230519_017_FP_EW3,27.5,0.5,20230616,172033163,AAH,ONT,20230519,17,AAH_ONT_20230519_017_1,0.5,NA,NA,From same water as 017_FP_E1,20230519,1,Rosette Cast,1,5,NA,E,NA,NA,0-01-01T07:06:00Z,NA,3500,FF,Whole,3,20,0.22,From same water as 017_FP_E1,0-01-01T07:44:00Z,0-01-01T08:06:00Z,43.22506666666666,-79.27145,60,1750,May,3851474.7188579324,< 10 m,5,no,unstratified,NA,35.7,295,2.15,492,4.67,1.529848302641993,13.725000000000001,32.36,9.164,23.1097,23.3691,2.435,0.816,0.55,4.921,5.9916,194.77892400000002,2.1551,26.85,0.629,85.4498,0.17582,287.49,0.3701934,12.4599,314.2085,0,2245518.8623499526,NA,NA,NA,NA,T1,12.4599
AP_D73,69942,52096,51132,51202,49617,48441,69.25881444625547,AAH_ONT_20230927_012_FP_EW1,21.9,0.5,20231009,172033163,AAH,ONT,20230927,12,AAH_ONT_20230927_012_1,0.75,NA,NA,NA,20230927,1,Rosette Cast,3,5,NA,E,NA,NA,0-01-01T23:59:00Z,NA,4760,FF,Whole,1,20,0.22,NA,0-01-01T00:06:00Z,0-01-01T00:31:00Z,43.50345,-79.35313333,32,2380,September,4393748.782408474,< 10 m,5,no,unstratified,NA,14.9,156,1.11,526,3.12,1.482,13.107,29.4,8.536,22.5642,21.909,2.963,0.478,2.89,4.9115,18.1228,260.799885,0.0281,1e-12,1.1025,75.9089,1.1062,0,0.0388385,-2.23245,261.996764,0,2112891.0871939873,18.1215,2.536,302.3595,9.4065,T1,9.4065
AP_D81,70614,53240,52115,52040,50220,49180,69.64624578695442,AAH_ONT_20230927_017_FP_BW1,36.7,0.5,20231011,175026656_1,AAH,ONT,20230927,17,AAH_ONT_20230927_017_2,0.75,NA,NA,NA,20230927,2,Rosette Cast,3,10.9,NA,B,NA,NA,0-01-01T14:58:00Z,NA,3540,FF,Whole,1,20,0.22,NA,0-01-01T15:08:00Z,0-01-01T15:28:00Z,43.22538333,-79.27113333,30,1770,September,7793088.291503569,10-20 m,10.9,no,unstratified,NA,24.9,187,1.14,385,2.67,1.399,12.843,27.6,8.566,22.9993,22.4479,2.687,0.632,2.28,10.684,18.1227,263.486771,0.0281,54.641,0.6646,84.6918,0.68864,1852.9,0.3248794,-2.2322,264.553618,0,2169366.020805047,18.1227,2.4872,305.484,9.1851,T1,9.1851
AP_D89,66199,48606,47845,47862,46350,45340,68.49046058097554,AAH_ONT_20230927_033_FP_EW1,35.1,0.25,20231011,175026656_1,AAH,ONT,20230927,33,AAH_ONT_20230927_033_1,0.75,NA,NA,located in cup 5; day sample,20230927,1,Rosette Cast,3,5,NA,E,NA,NA,0-01-01T09:55:00Z,NA,4520,FF,Whole,1,20,0.22,Day sample,0-01-01T10:03:00Z,0-01-01T10:38:00Z,43.5965,-78.81436667,43,1130,September,7986654.675569882,< 10 m,5,no,unstratified,NA,19.3,138,1.12,370,4.72,1.398,13.256999999999998,30.46,8.652,22.9199,22.5462,2.578,0.666,2.5,4.9205000000000005,19.1526,265.618849,0.0281,308.41,1.1371,75.2554,0.84982,1539.8,0.0554688,-2.18605,266.805126,0,2082794.0355869867,19.1505,2.5287,300.773,9.17535,T2,9.17535
AP_D97,86535,63832,61972,61895,59546,57679,66.65395504709078,AAH_ONT_20230926_035_FP_MW1,24.1,0.25,20231006,172033163,AAH,ONT,20230926,35,AAH_ONT_20230926_035_2,0.75,NA,NA,NA,20230926,2,Rosette Cast,3,14.4,NA,M,NA,NA,0-01-01T13:54:00Z,NA,3920,FF,Whole,1,20,0.22,NA,0-01-01T14:08:00Z,0-01-01T14:29:00Z,43.36143333,-78.72943333,35,980,September,4620456.805434031,10-20 m,14.3,NA,NA,NA,32.8,314,0.352,553,4.26,1.541,13.683,30.6,8.576,24.0678,23.2025,2.387,1.21,1.28,14.088,10.0612,219.428326,0.0256,47.595,0.6107,85.8419,0.72527,1634.4,0.0554688,-2.6874,220.650921,0,2279414.156885312,10.0653,2.3138,312.915,10.0661,T2,10.0661
AP_D3,52506,37113,36389,36329,35507,34535,65.77343541690473,AAH_ONT_20230516_048_FP_EW1,54.4,0.5,20230609,172033163,AAH,ONT,20230516,48,AAH_ONT_20230516_048_1,0.5,NA,NA,NA,20230516,1,Rosette Cast,2,5,NA,E,NA,NA,0-01-01T18:07:00Z,NA,3510,FF,Whole,1,20,0.22,NA,0-01-01T18:20:00Z,0-01-01T18:35:00Z,43.8797,-77.43975,28,1755,May,4260221.599355284,< 10 m,5,no,unstratified,NA,18.8,349,0.851,472,2.66,1.7301139687470568,13.703999999999999,30.64,8.626,24.5178,23.1902,2.733,0.674,0.38,4.913,6.80945,200.710516,2.2039,111.08,0.1891,95.3828,0.10256,927.45,0.4001283,12.52665,315.455,0,2283559.2009018585,NA,NA,NA,NA,T4,12.52665
AP_D11,45115,31422,30465,30463,29415,28684,63.57974066275075,AAH_ONT_20230516_064_FP_BW1,8.2,0.5,20230616,172033163,AAH,ONT,20230516,64,AAH_ONT_20230516_064_3,0.5,NA,NA,NA,20230516,3,Rosette Cast,2,224,NA,B,NA,NA,0-01-01T02:15:00Z,NA,5060,FF,Whole,1,20,0.22,NA,0-01-01T02:22:00Z,0-01-01T02:40:00Z,43.51975,-76.91836666666667,25,2530,May,1604567.6601427584,>100 m,209,yes,stratified,NA,14,331,2.49,488,8.19,1.73827538246768,13.494,31.9,8.712,23.818,23.5845,2.436,1.31,0.05,219.696,3.6774,183.170802,1.9976,1e-12,0.1239,96.9512,0.035409,0,0.4088593,12.4098,319.362,0,2286075.91945151,NA,NA,NA,NA,T5,12.4098
AP_D19,50297,35794,34958,34913,34034,33311,66.22860210350518,AAH_ONT_20230517_041_FP_BW1,16.9,0.5,20230615,172033163,AAH,ONT,20230517,41,AAH_ONT_20230517_041_3,0.5,NA,NA,NA,20230517,3,Rosette Cast,3,127,NA,B,NA,NA,0-01-01T20:01:00Z,NA,4360,FF,Whole,1,20,0.22,NA,0-01-01T20:13:00Z,0-01-01T20:40:00Z,43.71661666666667,-78.02736666666667,39,2180,May,2092566.2859774348,>100 m,133,no,stratified,NA,13.7,302,2.3,475,2.52,1.6705312817298545,14.205000000000002,31.9,9.258,23.5103,23.5579,2.389,1.42,0.21,124.565,3.7637,182.142304,2.105,1e-12,0.1056,97.3955,0.074481,143.74,0.3913973,13.0842,316.603,0,2238059.893741264,NA,NA,NA,NA,T3,13.0842
AP_D27,29114,17992,17189,17090,16562,15893,54.588857594284534,AAH_ONT_20230517_055_FP_BW1,0.302,0.5,20230616,172033163,AAH,ONT,20230517,55,AAH_ONT_20230517_055_3,0.5,NA,NA,NA,20230517,3,Rosette Cast,3,189,NA,B,NA,NA,0-01-01T10:30:00Z,NA,5090,FF,Whole,1,20,0.22,NA,0-01-01T10:53:00Z,0-01-01T11:13:00Z,43.44421666666667,-77.43893333333334,43,2545,May,2047096.5977434951,>100 m,189,yes,stratified,NA,16.1,320,1.34,475,6.36,1.7593505530559181,12.759,30.43,8.819,23.7768,23.591,2.3,1.22,0.16,185.355,3.6683,182.286685,2.0342,1e-12,0.0981,97.5785,0.040293,1788,0.3984652,12.66,317.914,0,2259305.100368199,NA,NA,NA,NA,T4,12.66
AP_D35,44412,31745,31010,30998,30027,29478,66.37395298567955,AAH_ONT_20230518_029_FP_BW1,28.6,0.5,20230615,172033163,AAH,ONT,20230518,29,AAH_ONT_20230518_029_2,0.5,NA,NA,NA,20230518,2,Rosette Cast,3,27,NA,B,NA,NA,0-01-01T15:52:00Z,NA,4740,FF,Whole,1,20,0.22,NA,0-01-01T16:04:00Z,0-01-01T16:24:00Z,43.81845,-78.86953333333334,32,2370,May,2142679.0057563893,20-30 m,30,yes,stratified,NA,24.3,345,1.87,525,4.44,1.4641628486066909,15.123000000000001,34.1,9.312,24.7462,23.5969,2.396,1.13,0.48,26.474,4.66955,190.1843355,2.1154,29.14,0.15310000000000001,96.2454,0.11355,1805.7,0.4007519,12.67085,320.504,0,2333331.5349855097,NA,NA,NA,NA,T2,12.67085
AP_D43,53438,36426,35552,35537,34366,32932,61.626557880160185,AAH_ONT_20230518_033_FP_MW1,49.9,0.5,20230616,172033163,AAH,ONT,20230518,33,AAH_ONT_20230518_033_2,0.5,NA,NA,NA,20230518,2,Rosette Cast,2,20,NA,M,NA,NA,0-01-01T11:50:00Z,NA,4840,FF,Whole,1,20,0.22,NA,0-01-01T12:04:00Z,0-01-01T12:22:00Z,43.596916666666665,-78.81335,32,2420,May,3358192.643334101,10-20 m,20,yes,stratified,NA,7.59,316,2.21,515,4.14,1.5919747785994394,13.863000000000001,33.28,9.284,23.133,23.4643,2.232,1.22,1.27,19.612000000000002,4.531549999999999,185.50134100000002,2.1856,32.119,0.3547,91.5142,0.819295,1786,0.3739352,13.24945,314.033,0,2210632.17632555,NA,NA,NA,NA,T2,13.24945
AP_D51,58963,44744,43933,43996,42208,40001,67.84084934620016,AAH_ONT_20230519_008_FP_EW1,53.4,0.5,20230615,172033163,AAH,ONT,20230519,8,AAH_ONT_20230519_008_1,0.5,NA,NA,NA,20230519,1,Rosette Cast,3,5,NA,E,NA,NA,0-01-01T13:26:00Z,NA,3020,FF,Whole,1,20,0.22,NA,0-01-01T13:34:00Z,0-01-01T13:55:00Z,43.623216666666664,-79.45183333333334,29,1510,May,4712356.809118121,< 10 m,5,yes,unstratified,NA,12.3,425,1.92,640,7.36,1.6850018291523632,17.85,34.6,9.284,30.356,23.8402,2.438,0.792,2.22,4.867,8.4311,227.08204899999998,2.3468,681.62,0.8542,80.7709,0.47375,1967.1,0.4645715,12.9841,339.097,0,2779895.3768938137,NA,NA,NA,NA,T1,12.9841
AP_D60,56982,41653,40380,40318,39078,38216,67.06679302235794,AAH_ONT_20230519_017_FP_EW4,23.9,0.5,20230614,172033163,AAH,ONT,20230519,17,AAH_ONT_20230519_017_1,0.5,NA,NA,From same water as 017_E2,20230519,1,Rosette Cast,1,5,NA,E,NA,NA,0-01-01T07:06:00Z,NA,3840,FF,Whole,4,20,0.22,From same water as 017_E2,0-01-01T07:44:00Z,0-01-01T08:06:00Z,43.22506666666666,-79.27145,60,1920,May,3625887.427584619,< 10 m,5,no,unstratified,NA,35.7,295,2.15,492,4.67,1.529848302641993,13.725000000000001,32.36,9.164,23.1097,23.3691,2.435,0.816,0.55,4.921,5.9916,194.77892400000002,2.1551,26.85,0.629,85.4498,0.17582,287.49,0.3701934,12.4599,314.2085,0,2245518.8623499526,NA,NA,NA,NA,T1,12.4599
AP_D74,47195,34166,33453,33469,32369,31590,66.93505667973302,AAH_ONT_20230927_012_FP_EW2,29.2,0.5,20231006,172033163,AAH,ONT,20230927,12,AAH_ONT_20230927_012_1,0.75,NA,NA,NA,20230927,1,Rosette Cast,3,5,NA,E,NA,NA,0-01-01T23:59:00Z,NA,4780,FF,Whole,2,20,0.22,NA,0-01-01T00:46:00Z,0-01-01T01:11:00Z,43.50345,-79.35313333,72,2390,September,5467730.0101312455,< 10 m,5,no,unstratified,NA,14.9,156,1.11,526,3.12,1.482,13.107,29.4,8.536,22.5642,21.909,2.963,0.478,2.89,4.9115,18.1228,260.799885,0.0281,1e-12,1.1025,75.9089,1.1062,0,0.0388385,-2.23245,261.996764,0,2112891.0871939873,18.1215,2.536,302.3595,9.4065,T1,9.4065
AP_D82,63540,48288,47343,47199,45575,44690,70.33364809568775,AAH_ONT_20230927_017_FP_BW2,39.2,0.25,20231011,175026656_1,AAH,ONT,20230927,17,AAH_ONT_20230927_017_2,0.75,NA,NA,NA,20230927,2,Rosette Cast,3,10.9,NA,B,NA,NA,0-01-01T14:58:00Z,NA,3740,FF,Whole,2,20,0.22,NA,0-01-01T15:10:00Z,0-01-01T15:34:00Z,43.22538333,-79.27113333,36,935,September,6091337.177987566,10-20 m,10.9,no,unstratified,NA,24.9,187,1.14,385,2.67,1.399,12.843,27.6,8.566,22.9993,22.4479,2.687,0.632,2.28,10.684,18.1227,263.486771,0.0281,54.641,0.6646,84.6918,0.68864,1852.9,0.3248794,-2.2322,264.553618,0,2169366.020805047,18.1227,2.4872,305.484,9.1851,T1,9.1851
AP_D90,69206,50110,49178,49092,47569,46447,67.1141230529145,AAH_ONT_20230927_033_FP_EW2,17.9,0.25,20231006,172033163,AAH,ONT,20230927,33,AAH_ONT_20230927_033_1,0.75,NA,NA,day sample,20230927,1,Rosette Cast,3,5,NA,E,NA,NA,0-01-01T09:55:00Z,NA,4000,FF,Whole,2,20,0.22,Day sample,0-01-01T10:53:00Z,0-01-01T11:14:00Z,43.5965,-78.81436667,79,1000,September,6068122.020262491,< 10 m,5,no,unstratified,NA,19.3,138,1.12,370,4.72,1.398,13.256999999999998,30.46,8.652,22.9199,22.5462,2.578,0.666,2.5,4.9205000000000005,19.1526,265.618849,0.0281,308.41,1.1371,75.2554,0.84982,1539.8,0.0554688,-2.18605,266.805126,0,2082794.0355869867,19.1505,2.5287,300.773,9.17535,T2,9.17535
AP_D98,73956,52011,50813,50502,48894,47106,63.69462923900698,AAH_ONT_20230926_035_FP_MW2,30.3,0.25,20231011,175026656_1,AAH,ONT,20230926,35,AAH_ONT_20230926_035_2,0.75,NA,NA,NA,20230926,2,Rosette Cast,3,14.4,NA,M,NA,NA,0-01-01T13:54:00Z,NA,3960,FF,Whole,2,20,0.22,NA,0-01-01T15:08:00Z,0-01-01T15:31:00Z,43.36143333,-78.72943333,97,990,September,4040718.2804513006,10-20 m,14.3,NA,NA,NA,32.8,314,0.352,553,4.26,1.541,13.683,30.6,8.576,24.0678,23.2025,2.387,1.21,1.28,14.088,10.0612,219.428326,0.0256,47.595,0.6107,85.8419,0.72527,1634.4,0.0554688,-2.6874,220.650921,0,2279414.156885312,10.0653,2.3138,312.915,10.0661,T2,10.0661
AP_D4,59596,42465,41534,41693,40427,39066,65.55137928720049,AAH_ONT_20230516_048_FP_EW2,61,0.5,20230609,172033163,AAH,ONT,20230516,48,AAH_ONT_20230516_048_1,0.5,NA,NA,NA,20230516,1,Rosette Cast,2,5,NA,E,NA,NA,0-01-01T18:07:00Z,NA,3040,FF,Whole,1,20,0.22,NA,0-01-01T18:56:00Z,0-01-01T19:10:00Z,43.8797,-77.43975,63,1520,May,4260221.599355284,< 10 m,5,no,unstratified,NA,18.8,349,0.851,472,2.66,1.7301139687470568,13.703999999999999,30.64,8.626,24.5178,23.1902,2.733,0.674,0.38,4.913,6.80945,200.710516,2.2039,111.08,0.1891,95.3828,0.10256,927.45,0.4001283,12.52665,315.455,0,2283559.2009018585,NA,NA,NA,NA,T4,12.52665
AP_D12,46807,32523,31560,31559,30501,29692,63.43495630995364,AAH_ONT_20230516_064_FP_BW2,13.6,0.5,20230615,172033163,AAH,ONT,20230516,64,AAH_ONT_20230516_064_3,0.5,NA,NA,NA,20230516,3,Rosette Cast,2,224,NA,B,NA,NA,0-01-01T02:15:00Z,NA,5700,FF,Whole,2,20,0.22,NA,0-01-01T03:08:00Z,0-01-01T03:27:00Z,43.51975,-76.91836666666667,72,2850,May,1657562.2615703433,>100 m,209,yes,stratified,NA,14,331,2.49,488,8.19,1.73827538246768,13.494,31.9,8.712,23.818,23.5845,2.436,1.31,0.05,219.696,3.6774,183.170802,1.9976,1e-12,0.1239,96.9512,0.035409,0,0.4088593,12.4098,319.362,0,2286075.91945151,NA,NA,NA,NA,T5,12.4098
AP_D20,42975,29796,29115,29158,28396,27828,64.75392670157068,AAH_ONT_20230517_041_FP_BW2,18.2,0.5,20230613,172033163,AAH,ONT,20230517,41,AAH_ONT_20230517_041_3,0.5,NA,NA,NA,20230517,3,Rosette Cast,3,127,NA,B,NA,NA,0-01-01T20:01:00Z,NA,5270,FF,Whole,2,20,0.22,NA,0-01-01T20:18:00Z,0-01-01T20:45:00Z,43.71661666666667,-78.02736666666667,44,2635,May,2751716.660833525,>100 m,133,no,stratified,NA,13.7,302,2.3,475,2.52,1.6705312817298545,14.205000000000002,31.9,9.258,23.5103,23.5579,2.389,1.42,0.21,124.565,3.7637,182.142304,2.105,1e-12,0.1056,97.3955,0.074481,143.74,0.3913973,13.0842,316.603,0,2238059.893741264,NA,NA,NA,NA,T3,13.0842
AP_D28,47024,31946,30860,30814,29769,28967,61.60045933991154,AAH_ONT_20230517_055_FP_BW2,7.76,0.5,20230616,172033163,AAH,ONT,20230517,55,AAH_ONT_20230517_055_3,0.5,NA,NA,NA,20230517,3,Rosette Cast,3,189,NA,B,NA,NA,0-01-01T10:30:00Z,NA,4850,FF,Whole,2,20,0.22,NA,0-01-01T11:00:00Z,0-01-01T11:15:00Z,43.44421666666667,-77.43893333333334,45,2425,May,1648276.1984803132,>100 m,189,yes,stratified,NA,16.1,320,1.34,475,6.36,1.7593505530559181,12.759,30.43,8.819,23.7768,23.591,2.3,1.22,0.16,185.355,3.6683,182.286685,2.0342,1e-12,0.0981,97.5785,0.040293,1788,0.3984652,12.66,317.914,0,2259305.100368199,NA,NA,NA,NA,T4,12.66
AP_D36,46040,30514,29717,29717,28876,28135,61.109904430929625,AAH_ONT_20230518_029_FP_BW2,17.6,0.5,20230615,172033163,AAH,ONT,20230518,29,AAH_ONT_20230518_029_2,0.5,NA,NA,NA,20230518,2,Rosette Cast,3,27,NA,B,NA,NA,0-01-01T15:52:00Z,NA,3180,FF,Whole,2,20,0.22,NA,0-01-01T16:11:00Z,0-01-01T16:35:00Z,43.81845,-78.86953333333334,43,1590,May,2163492.5954409395,20-30 m,30,yes,stratified,NA,24.3,345,1.87,525,4.44,1.4641628486066909,15.123000000000001,34.1,9.312,24.7462,23.5969,2.396,1.13,0.48,26.474,4.66955,190.1843355,2.1154,29.14,0.15310000000000001,96.2454,0.11355,1805.7,0.4007519,12.67085,320.504,0,2333331.5349855097,NA,NA,NA,NA,T2,12.67085
AP_D44,48626,32653,31766,31718,30773,29601,60.87484062024431,AAH_ONT_20230518_033_FP_MW2,60.1,0.5,20230616,172033163,AAH,ONT,20230518,33,AAH_ONT_20230518_033_2,0.5,NA,NA,NA,20230518,2,Rosette Cast,2,20,NA,M,NA,NA,0-01-01T11:50:00Z,NA,5120,FF,Whole,2,20,0.22,NA,0-01-01T12:35:00Z,0-01-01T12:56:00Z,43.596916666666665,-78.81335,66,2560,May,2870674.3311075293,10-20 m,20,yes,stratified,NA,7.59,316,2.21,515,4.14,1.5919747785994394,13.863000000000001,33.28,9.284,23.133,23.4643,2.232,1.22,1.27,19.612000000000002,4.531549999999999,185.50134100000002,2.1856,32.119,0.3547,91.5142,0.819295,1786,0.3739352,13.24945,314.033,0,2210632.17632555,NA,NA,NA,NA,T2,13.24945
AP_D52,57407,44551,43753,43777,41708,39636,69.04384482728587,AAH_ONT_20230519_008_FP_EW2,46.7,0.5,20230614,172033163,AAH,ONT,20230519,8,AAH_ONT_20230519_008_1,0.5,NA,NA,NA,20230519,1,Rosette Cast,3,5,NA,E,NA,NA,0-01-01T13:26:00Z,NA,3520,FF,Whole,2,20,0.22,NA,0-01-01T13:36:00Z,0-01-01T14:01:00Z,43.623216666666664,-79.45183333333334,35,1760,May,4445302.443011743,< 10 m,5,yes,unstratified,NA,12.3,425,1.92,640,7.36,1.6850018291523632,17.85,34.6,9.284,30.356,23.8402,2.438,0.792,2.22,4.867,8.4311,227.08204899999998,2.3468,681.62,0.8542,80.7709,0.47375,1967.1,0.4645715,12.9841,339.097,0,2779895.3768938137,NA,NA,NA,NA,T1,12.9841
AP_D61,7091,71,57,54,54,54,0.7615286983500211,AAH_ONT_20230519_000_FP_NW1,NA,0.5,20230615,172033163,AAH,ONT,20230519,0,NA,0.5,NA,NA,NA,NA,NA,NA,NA,NA,NA,NA,NA,NA,NA,NA,8760,FF,Whole,1,20,0.22,NA,0-01-01T14:20:00Z,0-01-01T14:51:00Z,NA,NA,NA,4380,May,NA,NA,NA,NA,NA,NA,NA,NA,NA,NA,NA,NA,NA,NA,NA,NA,NA,NA,NA,NA,NA,NA,NA,NA,NA,NA,NA,NA,NA,NA,NA,NA,NA,NA,NA,NA,NA,NA,NA,NA
AP_D75,59135,40333,39326,39358,38433,36725,62.10366111439926,AAH_ONT_20230927_012_FP_MW1,21.2,0.5,20231011,175026656_1,AAH,ONT,20230927,12,AAH_ONT_20230927_012_2,0.75,NA,NA,NA,20230927,2,Rosette Cast,3,52,NA,M,NA,NA,0-01-01T23:32:00Z,NA,5220,FF,Whole,1,20,0.22,NA,0-01-01T23:45:00Z,0-01-01T00:11:00Z,43.50345,-79.35313333,39,2610,September,2157888.9366797144,40-100 m,51.9,no,unstratified,NA,13.6,367,1.68,517,2.25,1.468,13.314,29.86,8.64,23.6963,23.2952,2.584,1.33,0.37,50.999,4.7555,188.39845,0.0195,1e-12,0.3217,92.2722,0.22344,0,0.0554688,-3.1564,189.510241,0,2262315.8531071944,4.7514,2.2418,316.568,11.1667,T1,11.1667
AP_D83,64788,46683,45678,45720,44167,43229,66.7237760079027,AAH_ONT_20230927_029_FP_EW1,34.2,0.25,20231011,175026656_1,AAH,ONT,20230927,29,AAH_ONT_20230927_029_1,0.75,NA,NA,In tubes labeled as B1,20230927,1,Rosette Cast,3,5,NA,E,NA,NA,0-01-01T04:45:00Z,NA,4610,FF,Whole,1,20,0.22,NA,0-01-01T04:52:00Z,0-01-01T05:17:00Z,43.81948333,-78.87111667,32,1152.5,September,5268239.758231637,< 10 m,5,no,unstratified,NA,15,134,0.978,336,2.68,1.394,12.789,30.48,8.43,23.1378,22.5006,2.814,0.532,2.21,4.908,19.0098,266.016729,0.0281,1e-12,1.0288,77.3205,0.80952,0,0.0554688,-2.192,267.140108,0,2108569.5692568836,19.0088,2.5421,302.202,9.2664,T2,9.2664
AP_D91,41090,24968,24254,24201,23591,22575,54.94037478705281,AAH_ONT_20230927_033_FP_MW1,16.3,0.25,20231009,172033163,AAH,ONT,20230927,33,AAH_ONT_20230927_033_2,0.75,NA,NA,day sample,20230927,2,Rosette Cast,3,68.5,NA,M,NA,NA,0-01-01T09:29:00Z,NA,5340,FF,Whole,1,20,0.22,Day sample,0-01-01T09:44:00Z,0-01-01T10:08:00Z,43.5965,-78.81436667,39,1335,September,1733131.6025788626,40-100 m,68.5,no,unstratified,NA,6.77,355,1.35,521,3.56,1.433,13.497,30.96,8.68,23.4166,23.1804,2.233,1.46,0.25,67.176,4.1696,184.194728,0.022,1e-12,0.2789,93.2655,0.14286,1400,0.05339,-3.2068,185.325195,0,2232408.445629988,4.1691,2.3663,315.711,12.1977,T2,12.1977
AP_D99,82150,60020,58404,58301,56166,54264,66.05477784540474,AAH_ONT_20230926_035_FP_BW1,35.3,0.25,20231011,175026656_1,AAH,ONT,20230926,35,AAH_ONT_20230926_035_3,0.75,NA,NA,NA,20230926,3,Rosette Cast,3,26.7,NA,B,NA,NA,0-01-01T13:53:00Z,NA,4900,FF,Whole,1,20,0.22,NA,0-01-01T14:04:00Z,0-01-01T14:29:00Z,43.36143333,-78.72943333,36,1225,September,3800561.476398803,20-30 m,26.7,NA,NA,NA,29.2,310,0.352,528,4.45,1.495,13.605,30.16,8.55,23.9701,22.3802,2.475,1.13,1.14,26.195,9.1792,213.927646,0.0269,3.2873,0.6683,84.6134,0.62271,1608.8,0.0554688,-2.7474,215.15419,0,2270460.734412068,9.1784,2.3126,312.931,10.3,T2,10.3
AP_D5,95730,64062,62927,62839,60592,57779,60.35621017444897,AAH_ONT_20230516_048_FP_BW1,14.7,0.5,20230609,172033163,AAH,ONT,20230516,48,AAH_ONT_20230516_048_2,0.5,NA,NA,NA,20230516,2,Rosette Cast,3,35,NA,B,NA,NA,0-01-01T18:07:00Z,NA,3460,FF,Whole,1,20,0.22,NA,0-01-01T18:18:00Z,0-01-01T18:31:00Z,43.8797,-77.43975,24,1730,May,2229615.7688233936,30-40 m,35,no,unstratified,NA,21.3,350,1.02,477,2.31,1.7278121571972358,13.280999999999999,30.1,8.614,23.8298,23.4781,2.179,1.14,0.24,34.318,4.7906,187.991939,2.1612,4.383,0.1034,97.4478,0.090354,458.8,0.3984652,12.98905,315.517,0,2243861.3210732397,NA,NA,NA,NA,T4,12.98905
AP_D13,58940,36920,36018,36003,35037,33374,56.62368510349508,AAH_ONT_20230516_064_FP_EW1,143,0.5,20230615,172033163,AAH,ONT,20230516,64,AAH_ONT_20230516_064_1,0.5,NA,NA,NA,20230516,1,Rosette Cast,2,5,NA,E,NA,NA,0-01-01T02:15:00Z,NA,3500,FF,Whole,1,20,0.22,NA,0-01-01T03:07:00Z,0-01-01T03:26:00Z,43.51975,-76.91836666666667,71,1750,May,3527583.2424591295,< 10 m,5,yes,stratified,NA,10.1,228,1.7,448,9.77,1.7286203412871453,13.332,31.78,8.726,23.5321,23.718,2.385,1.09,9.72,4.901,7.953,202.588319,2.5409,1e-12,0.8972,79.9083,2.3712,0,0.3157285,14.5516,307.337,0,2152507.4329560697,NA,NA,NA,NA,T5,14.5516
AP_D21,76020,51463,50407,50472,48915,47196,62.08366219415943,AAH_ONT_20230517_041_FP_EW1,74,0.5,20230614,172033163,AAH,ONT,20230517,41,AAH_ONT_20230517_041_1,0.5,NA,NA,NA,20230517,1,Rosette Cast,2,5,NA,E,NA,NA,0-01-01T20:24:00Z,NA,4180,FF,Whole,1,20,0.22,NA,0-01-01T20:49:00Z,0-01-01T21:11:00Z,43.71661666666667,-78.02736666666667,47,2090,May,4481325.963619618,< 10 m,5,no,stratified,NA,10.3,282,0.352,435,5.46,1.6981140295654928,14.16,31.78,9.238,23.5328,23.1502,2.437,1.3,2.84,4.903,7.0363,199.382468,2.3297,28.732,0.4918,88.4297,0.65201,163.44,0.3444161,13.3628,311.278,0,2210326.157889967,NA,NA,NA,NA,T3,13.3628
AP_D29,54869,36502,35614,35469,34226,32873,59.911789899579,AAH_ONT_20230517_055_FP_EW1,83.3,0.5,20230614,172033163,AAH,ONT,20230517,55,AAH_ONT_20230517_055_1,0.5,NA,NA,NA,20230517,1,Rosette Cast,1,5,NA,E,NA,NA,0-01-01T11:20:00Z,NA,2720,FF,Whole,1,20,0.22,NA,0-01-01T11:32:00Z,0-01-01T11:48:00Z,43.44421666666667,-77.43893333333334,28,1360,May,3686727.1512779184,< 10 m,5,yes,stratified,NA,31.6,313,1.16,468,5.44,1.7587612312601861,12.741,30.34,8.824,23.461,23.6217,3.416,1.04,4.96,4.863,6.09525,193.5893345,2.3187,648.04,0.6192,85.6589,0.61966,1793.85,0.33797180000000004,13.6263,311.29049999999995,0,2193774.731516299,NA,NA,NA,NA,T4,13.6263
AP_D37,93816,66001,64755,64847,62780,61451,65.50162019271767,AAH_ONT_20230518_029_FP_EW1,43.4,0.5,20230615,172033163,AAH,ONT,20230518,29,AAH_ONT_20230518_029_3,0.5,NA,NA,NA,20230518,3,Rosette Cast,1,5,NA,E,NA,NA,0-01-01T15:52:00Z,NA,4085,FF,Whole,1,20,0.22,NA,0-01-01T16:08:00Z,0-01-01T16:28:00Z,43.81845,-78.86953333333334,36,2042.5,May,3124920.3343311073,< 10 m,5,yes,stratified,NA,10.9,335,2.05,521,3.71,1.583,14.559,31.34,8.922,24.8209,23.2698,2.283,0.955,0.79,4.9,5.9739,198.521921,2.1856,727.16,0.2912,92.978,0.079365,1667.8,0.4047017,12.7097,320.548,0,2363487.4482051875,NA,NA,NA,NA,T2,12.7097
AP_D45,83408,57261,56013,55876,54065,51573,61.83219835027815,AAH_ONT_20230518_035_FP_BW1,30.5,0.5,20230615,172033163,AAH,ONT,20230518,35,AAH_ONT_20230518_035_2,0.5,NA,NA,NA,20230518,2,Rosette Cast,2,27,NA,B,NA,NA,0-01-01T07:58:00Z,NA,3420,FF,Whole,1,20,0.22,NA,0-01-01T08:15:00Z,0-01-01T08:33:00Z,43.36183333333334,-78.72948333333333,35,1710,May,2646207.771586461,20-30 m,27,yes,unstratified,NA,28.5,293,0.352,479,4.32,1.5519132860665277,12.530999999999999,32.34,9.022,21.098,22.4893,2.613,1.04,1.26,26.436,6.5737,193.344396,2.1294,0.0177,0.5311,87.5671,0.43346,1248.4,0.372688,12.1066,306.168,0,2110711.062470246,NA,NA,NA,NA,T2,12.1066
AP_D53,84184,59245,58067,58006,56255,55157,65.51957616649244,AAH_ONT_20230519_012_FP_BW1,20.2,0.5,20230615,172033163,AAH,ONT,20230519,12,AAH_ONT_20230519_012_3,0.5,NA,NA,NA,20230519,3,Rosette Cast,3,102.8,NA,B,NA,NA,0-01-01T10:34:00Z,NA,4860,FF,Whole,1,20,0.22,NA,0-01-01T10:48:00Z,0-01-01T11:08:00Z,43.5035,-79.35378333333334,34,2430,May,1897558.9610868061,>100 m,103,yes,stratified,NA,16.9,340,1.6,465,3.78,1.3561744010373353,13.734000000000002,32.82,9.1,23.0571,23.2336,2.478,1.02,0.05,100.816,4.0738,183.717737,2.0623,1e-12,0.1013,97.5001,0.037851,1518.2,0.381419,12.5906,315.942,0,2234135.942737575,NA,NA,NA,NA,T1,12.5906
AP_D62,11347,481,420,418,384,381,3.35771569577862,EXTRACTION_NEGATIVE,NA,0.5,20230724,172033163,NA,NA,NA,NA,NA,NA,NA,NA,NA,NA,NA,NA,NA,NA,NA,NA,NA,NA,NA,NA,NA,NA,NA,NA,NA,NA,NA,NA,NA,NA,NA,NA,NA,NA,NA,NA,NA,NA,NA,NA,NA,NA,NA,NA,NA,NA,NA,NA,NA,NA,NA,NA,NA,NA,NA,NA,NA,NA,NA,NA,NA,NA,NA,NA,NA,NA,NA,NA,NA,NA,NA,NA,NA,NA
AP_D76,80438,53535,52272,52227,50558,48089,59.78393296700565,AAH_ONT_20230927_012_FP_MW2,18.2,0.5,20231009,172033163,AAH,ONT,20230927,12,AAH_ONT_20230927_012_2,0.75,NA,NA,NA,20230927,2,Rosette Cast,3,52,NA,M,NA,NA,0-01-01T23:32:00Z,NA,4300,FF,Whole,2,20,0.22,NA,0-01-01T00:26:00Z,0-01-01T00:47:00Z,43.50345,-79.35313333,75,2150,September,2451200.4466958325,40-100 m,51.9,no,unstratified,NA,13.6,367,1.68,517,2.25,1.468,13.314,29.86,8.64,23.6963,23.2952,2.584,1.33,0.37,50.999,4.7555,188.39845,0.0195,1e-12,0.3217,92.2722,0.22344,0,0.0554688,-3.1564,189.510241,0,2262315.8531071944,4.7514,2.2418,316.568,11.1667,T1,11.1667
AP_D84,81952,59175,58032,58151,55988,55213,67.37236431081608,AAH_ONT_20230927_029_FP_EW2,23.5,0.25,20231011,175026656_1,AAH,ONT,20230927,29,AAH_ONT_20230927_029_1,0.75,NA,NA,NA,20230927,1,Rosette Cast,3,5,NA,E,NA,NA,0-01-01T04:45:00Z,NA,4750,FF,Whole,2,20,0.22,NA,0-01-01T05:47:00Z,0-01-01T06:12:00Z,43.81948333,-78.87111667,87,1187.5,September,5896169.748560903,< 10 m,5,no,unstratified,NA,15,134,0.978,336,2.68,1.394,12.789,30.48,8.43,23.1378,22.5006,2.814,0.532,2.21,4.908,19.0098,266.016729,0.0281,1e-12,1.0288,77.3205,0.80952,0,0.0554688,-2.192,267.140108,0,2108569.5692568836,19.0088,2.5421,302.202,9.2664,T2,9.2664
AP_D92,82373,53969,52742,52735,51175,49170,59.69188933266969,AAH_ONT_20230927_033_FP_MW2,12.5,0.25,20231006,172033163,AAH,ONT,20230927,33,AAH_ONT_20230927_033_2,0.75,NA,NA,day sample,20230927,2,Rosette Cast,3,68.5,NA,M,NA,NA,0-01-01T09:29:00Z,NA,3860,FF,Whole,2,20,0.22,Day sample,0-01-01T10:33:00Z,0-01-01T10:50:00Z,43.5965,-78.81436667,81,965,September,1853690.3182132165,40-100 m,68.5,no,unstratified,NA,6.77,355,1.35,521,3.56,1.433,13.497,30.96,8.68,23.4166,23.1804,2.233,1.46,0.25,67.176,4.1696,184.194728,0.022,1e-12,0.2789,93.2655,0.14286,1400,0.05339,-3.2068,185.325195,0,2232408.445629988,4.1691,2.3663,315.711,12.1977,T2,12.1977
AP_D100,94568,62115,60610,60605,58169,55488,58.67523898147365,AAH_ONT_20230926_035_FP_BW2,43.6,0.25,20231011,175026656_1,AAH,ONT,20230926,35,AAH_ONT_20230926_035_3,0.75,NA,NA,NA,20230926,3,Rosette Cast,3,26.7,NA,B,NA,NA,0-01-01T13:53:00Z,NA,4110,FF,Whole,2,20,0.22,NA,0-01-01T15:02:00Z,0-01-01T15:22:00Z,43.36143333,-78.72943333,89,1027.5,September,3326491.945199171,20-30 m,26.7,NA,NA,NA,29.2,310,0.352,528,4.45,1.495,13.605,30.16,8.55,23.9701,22.3802,2.475,1.13,1.14,26.195,9.1792,213.927646,0.0269,3.2873,0.6683,84.6134,0.62271,1608.8,0.0554688,-2.7474,215.15419,0,2270460.734412068,9.1784,2.3126,312.931,10.3,T2,10.3
AP_D6,73296,49405,48409,48444,46940,45686,62.330822964418246,AAH_ONT_20230516_048_FP_BW2,12.7,0.5,20230609,172033163,AAH,ONT,20230516,48,AAH_ONT_20230516_048_2,0.5,NA,NA,NA,20230516,2,Rosette Cast,3,35,NA,B,NA,NA,0-01-01T18:07:00Z,NA,2400,FF,Whole,2,20,0.22,NA,0-01-01T18:27:00Z,0-01-01T18:34:00Z,43.8797,-77.43975,27,1200,May,2371948.701358508,30-40 m,35,no,unstratified,NA,21.3,350,1.02,477,2.31,1.7278121571972358,13.280999999999999,30.1,8.614,23.8298,23.4781,2.179,1.14,0.24,34.318,4.7906,187.991939,2.1612,4.383,0.1034,97.4478,0.090354,458.8,0.3984652,12.98905,315.517,0,2243861.3210732397,NA,NA,NA,NA,T4,12.98905
AP_D14,47179,30748,30008,30070,29130,27871,59.07501218762585,AAH_ONT_20230516_064_FP_EW2,130,0.5,20230613,172033163,AAH,ONT,20230516,64,AAH_ONT_20230516_064_1,0.5,NA,NA,NA,20230516,1,Rosette Cast,2,5,NA,E,NA,NA,0-01-01T02:15:00Z,NA,3820,FF,Whole,2,20,0.22,NA,0-01-01T03:43:00Z,0-01-01T04:03:00Z,43.51975,-76.91836666666667,108,1910,May,4631504.018420447,< 10 m,5,yes,stratified,NA,10.1,228,1.7,448,9.77,1.7286203412871453,13.332,31.78,8.726,23.5321,23.718,2.385,1.09,9.72,4.901,7.953,202.588319,2.5409,1e-12,0.8972,79.9083,2.3712,0,0.3157285,14.5516,307.337,0,2152507.4329560697,NA,NA,NA,NA,T5,14.5516
AP_D22,72759,50942,49859,49841,48517,47265,64.96103574815487,AAH_ONT_20230517_041_FP_EW2,54.2,0.5,20230614,172033163,AAH,ONT,20230517,41,AAH_ONT_20230517_041_1,0.5,NA,NA,NA,20230517,1,Rosette Cast,2,5,NA,E,NA,NA,0-01-01T20:24:00Z,NA,2620,FF,Whole,2,20,0.22,NA,0-01-01T20:56:00Z,0-01-01T21:21:00Z,43.71661666666667,-78.02736666666667,57,1310,May,3608275.928620769,< 10 m,5,no,stratified,NA,10.3,282,0.352,435,5.46,1.6981140295654928,14.16,31.78,9.238,23.5328,23.1502,2.437,1.3,2.84,4.903,7.0363,199.382468,2.3297,28.732,0.4918,88.4297,0.65201,163.44,0.3444161,13.3628,311.278,0,2210326.157889967,NA,NA,NA,NA,T3,13.3628
AP_D30,53861,37547,36645,36709,35398,34172,63.44479307847979,AAH_ONT_20230517_055_FP_EW2,74,0.5,20230614,172033163,AAH,ONT,20230517,55,AAH_ONT_20230517_055_1,0.5,NA,NA,NA,20230517,1,Rosette Cast,1,5,NA,E,NA,NA,0-01-01T11:20:00Z,NA,3600,FF,Whole,2,20,0.22,NA,0-01-01T11:33:00Z,0-01-01T11:48:00Z,43.44421666666667,-77.43893333333334,28,1800,May,4582512.030393736,< 10 m,5,yes,stratified,NA,31.6,313,1.16,468,5.44,1.7587612312601861,12.741,30.34,8.824,23.461,23.6217,3.416,1.04,4.96,4.863,6.09525,193.5893345,2.3187,648.04,0.6192,85.6589,0.61966,1793.85,0.33797180000000004,13.6263,311.29049999999995,0,2193774.731516299,NA,NA,NA,NA,T4,13.6263
AP_D38,58500,40970,39905,39895,38064,36963,63.184615384615384,AAH_ONT_20230518_029_FP_MW1,33.2,0.5,20230614,172033163,AAH,ONT,20230518,29,AAH_ONT_20230518_029_1,0.5,NA,NA,NA,20230518,1,Rosette Cast,1,19,NA,M,NA,NA,0-01-01T16:17:00Z,NA,4400,FF,Whole,1,20,0.22,NA,0-01-01T16:32:00Z,0-01-01T16:53:00Z,43.81845,-78.86953333333334,36,2200,May,2566155.5035689618,10-20 m,21,yes,stratified,NA,16.7,333,2,539,4.23,1.7215750826882752,14.517000000000001,31.6,8.914,24.4026,23.2776,2.334,0.923,0.44,18.629,5.6855,196.847984,2.1734,85.741,0.3047,92.6643,0.17094,1701.3,0.4071962,12.7166,320.734,0,2360977.1919793705,NA,NA,NA,NA,T2,12.7166
AP_D46,65758,47023,45860,45845,44272,42143,64.08801970862861,AAH_ONT_20230518_035_FP_BW2,34.1,0.5,202305615,172033163,AAH,ONT,20230518,35,AAH_ONT_20230518_035_2,0.5,NA,NA,NA,20230518,2,Rosette Cast,2,27,NA,B,NA,NA,0-01-01T07:58:00Z,NA,3280,FF,Whole,2,20,0.22,NA,0-01-01T08:42:00Z,0-01-01T09:00:00Z,43.36183333333334,-78.72948333333333,62,1640,May,3486116.1676260647,20-30 m,27,yes,unstratified,NA,28.5,293,0.352,479,4.32,1.5519132860665277,12.530999999999999,32.34,9.022,21.098,22.4893,2.613,1.04,1.26,26.436,6.5737,193.344396,2.1294,0.0177,0.5311,87.5671,0.43346,1248.4,0.372688,12.1066,306.168,0,2110711.062470246,NA,NA,NA,NA,T2,12.1066
AP_D54,57894,39663,38669,38697,37698,36847,63.6456282170864,AAH_ONT_20230519_012_FP_BW2,17.6,0.5,20230615,172033163,AAH,ONT,20230519,12,AAH_ONT_20230519_012_3,0.5,NA,NA,NA,20230519,3,Rosette Cast,3,102.8,NA,B,NA,NA,0-01-01T10:34:00Z,NA,4940,FF,Whole,2,20,0.22,NA,0-01-01T10:53:00Z,0-01-01T11:16:00Z,43.5035,-79.35378333333334,42,2470,May,2220169.601197329,>100 m,103,yes,stratified,NA,16.9,340,1.6,465,3.78,1.3561744010373353,13.734000000000002,32.82,9.1,23.0571,23.2336,2.478,1.02,0.05,100.816,4.0738,183.717737,2.0623,1e-12,0.1013,97.5001,0.037851,1518.2,0.381419,12.5906,315.942,0,2234135.942737575,NA,NA,NA,NA,T1,12.5906
AP_D69,55881,39517,38310,38321,36879,36296,64.95230937170058,AAH_ONT_20230927_008_FP_EW1,34.9,0.5,20231006,172033163,AAH,ONT,20230927,8,AAH_ONT_20230927_008_1,0.75,NA,NA,NA,20230927,1,Rosette Cast,3,5,NA,E,NA,NA,0-01-01T20:28:00Z,NA,4600,FF,Whole,1,20,0.22,NA,0-01-01T20:33:00Z,0-01-01T20:58:00Z,43.62221667,-79.45091667,30,2300,September,5419858.753856781,< 10 m,5,no,unstratified,NA,37.8,167,1.49,397,3.96,1.538,13.091999999999999,30.26,8.562,22.7971,22.3477,2.766,0.643,2.27,4.906,18.9587,264.763298,0.0281,1e-12,0.9247,79.3593,0.87912,1.9691,0.0554688,-2.1948,265.892067,0,2089246.683147677,18.9578,2.514,301.1135,9.1436,T1,9.1436
AP_D77,57296,39819,38881,38887,37515,36342,63.42851158894164,AAH_ONT_20230927_012_FP_BW1,4.55,0.5,20231009,172033163,AAH,ONT,20230927,12,AAH_ONT_20230927_012_3,0.75,NA,NA,NA,20230927,3,Rosette Cast,3,102,NA,B,NA,NA,0-01-01T23:30:00Z,NA,4560,FF,Whole,1,20,0.22,NA,0-01-01T23:39:00Z,0-01-01T23:58:00Z,43.50345,-79.35313333,28,2280,September,1995703.0416762605,>100 m,102.2,no,unstratified,NA,8.97,366,1.87,564,1.69,1.419,13.280999999999999,29.82,8.528,23.3303,22.9478,2.416,1.52,0.05,100.02850000000001,4.1965,185.658233,0.025,1e-12,0.2443,94.0758,0.098901,0,0.0554688,-3.1898999999999997,186.857398,0,2273741.8512183903,4.1974,2.2442,317.9345,11.4338,T1,11.4338
AP_D85,70037,49004,47780,47778,45973,44940,64.16608364150377,AAH_ONT_20230927_029_FP_MW1,15.8,0.25,20231010,172033163,AAH,ONT,20230927,29,AAH_ONT_20230927_029_2,0.75,NA,NA,NA,20230927,2,Rosette Cast,3,15,NA,M,NA,NA,0-01-01T04:21:00Z,NA,3220,FF,Whole,1,20,0.22,NA,0-01-01T04:38:00Z,0-01-01T05:03:00Z,43.81948333,-78.87111667,42,805,September,6170909.132396961,10-20 m,15,no,unstratified,NA,14.7,132,0.847,378,5.08,1.37,12.861,30.6,8.578,23.2227,22.61,2.75,0.546,2.24,14.7335,19.0292,266.1977605,0.0281,1e-12,1.0113,77.6603,0.88278,0,0.0554688,-2.1925,267.262114,0,2109800.906361025,19.0269,2.5433,302.2735,9.2757,T2,9.2757
AP_D93,45749,31812,30914,30925,29854,28973,63.33034601849221,AAH_ONT_20230927_033_FP_BW1,6.39,0.25,20231013,175026656_1,AAH,ONT,20230927,33,AAH_ONT_20230927_033_3,0.75,NA,NA,day sample,20230927,3,Rosette Cast,3,134.9,NA,B,NA,NA,0-01-01T09:25:00Z,NA,4200,FF,Whole,1,20,0.22,Day sample,0-01-01T09:38:00Z,0-01-01T09:55:00Z,43.5965,-78.81436667,30,1050,September,1263384.893852176,>100 m,134.9,no,unstratified,NA,6.81,359,2.58,506,4.15,1.393,13.428,31.32,8.56,23.2037,23.3232,2.487,1.49,0.05,132.29,3.9767,183.9571675,0.0208,1e-12,0.2276,94.4679,0.087912,1264.2,0.0554688,-3.24855,185.083845,0,2258444.7050070656,3.9774,2.2833,317.413,11.814499999999999,T2,11.814499999999999
AP_D101,88920,64139,61060,61044,57889,55876,62.83850652271705,AAH_ONT_20230926_038_FP_EW1,17.1,0.25,20231006,172033163,AAH,ONT,20230926,38,AAH_ONT_20230926_038_1,0.75,NA,NA,NA,20230926,1,Rosette Cast,3,5,NA,E,NA,NA,0-01-01T10:45:00Z,NA,4140,FF,Whole,1,20,0.22,NA,0-01-01T10:54:00Z,0-01-01T11:49:00Z,43.38313333,-77.98871667,64,1035,September,1707674.9813492976,< 10 m,5,no,unstratified,NA,13.4,381,0.73,526,4.43,1.622,13.527000000000001,31.36,8.612,22.493,22.2181,2.396,1.4,1.01,4.903,6.83795,201.87108849999998,0.022,302.4,0.8194,81.4766,0.28938,1247.4,0.055053,-2.9436,203.192965,0,2313564.75518004,6.8443,2.2625,317.041,10.60615,T3,10.60615
AP_D7,85717,59274,57852,57784,56015,54716,63.833311945121736,AAH_ONT_20230515_074_FP_BW1,13.1,0.5,20230609,172033163,AAH,ONT,20230515,74,AAH_ONT_20230515_074_2,0.5,NA,NA,NA,20230515,2,Rosette Cast,2,66,NA,B,NA,NA,0-01-01T16:37:00Z,NA,2910,FF,Whole,1,20,0.22,NA,0-01-01T16:46:00Z,0-01-01T17:04:00Z,43.747366666666665,-76.51155,27,1455,May,1728168.3619617778,40-100 m,66,yes,stratified,NA,21.5,330,2.23,450,5.17,1.8353819299412044,13.758000000000001,31.06,8.642,24.4395,23.8696,2.406,1.22,0.05,64.691,4.8653,190.334283,2.0708,1e-12,0.0767,98.1013,0.040293,1715.1,0.4026229,12.309,318.642,0,2303257.856699808,NA,NA,NA,NA,T5,12.309
AP_D15,41436,25833,25158,25169,24444,23574,56.8925571966406,AAH_ONT_20230516_064_FP_MW1,97.7,0.5,20230614,172033163,AAH,ONT,20230516,64,AAH_ONT_20230516_064_2,0.5,NA,NA,NA,20230516,2,Rosette Cast,2,14,NA,M,NA,NA,0-01-01T02:15:00Z,NA,3770,FF,Whole,1,20,0.22,NA,0-01-01T02:24:00Z,0-01-01T02:44:00Z,43.51975,-76.91836666666667,29,1885,May,4069697.201473635,10-20 m,18,yes,stratified,NA,9.3,252,1.83,476,7.89,1.7583283037437396,13.269,31.72,8.752,23.5346,23.6766,2.348,1.21,5.8,13.729,5.83795,192.25089200000002,2.3101,1e-12,0.5912,86.2601,1.3144,0,0.3514841,13.7188,311.692,0,2196446.4801389473,NA,NA,NA,NA,T5,13.7188
AP_D23,60541,40865,40052,39966,38743,37640,62.172742439008275,AAH_ONT_20230517_041_FP_MW1,43.4,0.5,20230616,172033163,AAH,ONT,20230517,41,AAH_ONT_20230517_041_2,0.5,NA,NA,NA,20230517,2,Rosette Cast,2,24,NA,M,NA,NA,0-01-01T20:01:00Z,NA,3060,FF,Whole,1,20,0.22,NA,0-01-01T20:15:00Z,0-01-01T20:26:00Z,43.71661666666667,-78.02736666666667,25,1530,May,2947204.2993322588,20-30 m,67.5,no,stratified,NA,NA,NA,NA,NA,NA,NA,NA,NA,NA,NA,NA,NA,NA,NA,23.571,4.519,185.614878,2.1661,0.4447,0.231,94.3895,0.337,122.08,0.3606308,13.2838,314.404,0,2217421.757035499,NA,NA,NA,NA,T3,13.2838
AP_D31,55903,38541,37527,37457,36305,35056,62.70862028871438,AAH_ONT_20230517_055_FP_MW1,55.4,0.5,20230614,172033163,AAH,ONT,20230517,55,AAH_ONT_20230517_055_2,0.5,NA,NA,NA,20230517,2,Rosette Cast,2,13,NA,M,NA,NA,0-01-01T10:30:00Z,NA,5770,FF,Whole,1,20,0.22,NA,0-01-01T10:56:00Z,0-01-01T11:26:00Z,43.44421666666667,-77.43893333333334,56,2885,May,2125067.5067925397,10-20 m,13,yes,stratified,NA,16.2,263,0.949,460,9.06,1.74570836671113,12.735,30.18,8.808,23.7239,23.5813,2.337,1.08,2.92,12.737,5.0347,188.290071,2.2002,104.12,0.349,91.6449,0.60562,1788,0.3643727,13.1602,313.443,0,2211762.9195763706,NA,NA,NA,NA,T4,13.1602
AP_D39,88316,63708,62354,62324,60218,58520,66.26205897006204,AAH_ONT_20230518_033_FP_BW1,15.2,0.5,20230615,172033163,AAH,ONT,20230518,33,AAH_ONT_20230518_033_3,0.5,NA,NA,NA,20230518,3,Rosette Cast,3,135,NA,B,NA,NA,0-01-01T11:47:00Z,NA,5240,FF,Whole,1,20,0.22,NA,0-01-01T12:02:00Z,0-01-01T12:21:00Z,43.596916666666665,-78.81335,34,2620,May,2592252.5429426664,>100 m,135,yes,stratified,NA,22.7,325,1.2,505,4.18,1.5896998603081822,14.028,33.64,9.24,23.4313,23.8721,2.343,1.27,0.22,132.389,3.8705,182.67963,2.0696,1e-12,0.0938,97.6831,0.051282,1784,0.3880712,12.7832,316.365,0,2236539.712413111,NA,NA,NA,NA,T2,12.7832
AP_D47,68500,47856,46795,46778,45002,43613,63.66861313868613,AAH_ONT_20230518_035_FP_EW1,88.6,0.5,20230615,172033163,AAH,ONT,20230518,35,AAH_ONT_20230518_035_3,0.5,NA,NA,NA,20230518,3,Rosette Cast,2,5,NA,E,NA,NA,0-01-01T07:58:00Z,NA,3060,FF,Whole,1,20,0.22,NA,0-01-01T08:21:00Z,0-01-01T08:43:00Z,43.36183333333334,-78.72948333333333,45,1530,May,5417617.2903522905,< 10 m,5,yes,unstratified,NA,13.4,232,0.352,441,8.98,1.5048366683667838,11.118,32.12,9.08,18.4906,21.3676,2.567,0.564,3.96,4.95,11.2276,206.308519,2.3748,128.22,1.086,76.2226,1.2186,1258.3,0.2999295,12.2987,284.827,0,1797966.1688435068,NA,NA,NA,NA,T2,12.2987
AP_D55,68615,47549,46558,46576,45187,43607,63.55315893026306,AAH_ONT_20230519_012_FP_EW1,73,0.5,20230614,172033163,AAH,ONT,20230519,12,AAH_ONT_20230519_012_1,0.5,NA,NA,NA,20230519,1,Rosette Cast,2,5,NA,E,NA,NA,0-01-01T11:15:00Z,NA,3500,FF,Whole,1,20,0.22,NA,0-01-01T11:27:00Z,0-01-01T11:45:00Z,43.5035,-79.35378333333334,30,1750,May,4696826.669122727,< 10 m,5,yes,stratified,NA,8.36,285,1.6,465,4.39,1.3917046381479754,13.947,32.88,9.088,23.1886,23.1768,2.38,0.846,2.53,4.93,7.0127,198.915971,2.3736,491.9,0.555,87.0443,0.56777,1494.6,0.3203019,13.6553,310.665,0,2198711.6686861874,NA,NA,NA,NA,T1,13.6553
AP_D70,66970,48030,46692,46722,44986,44106,65.85934000298641,AAH_ONT_20230927_008_FP_EW2,42.9,0.5,20231011,175026656_1,AAH,ONT,20230927,8,AAH_ONT_20230927_008_1,0.75,NA,NA,NA,20230927,1,Rosette Cast,3,5,NA,E,NA,NA,0-01-01T20:28:00Z,NA,3960,FF,Whole,2,20,0.22,NA,0-01-01T21:12:00Z,0-01-01T21:37:00Z,43.62221667,-79.45091667,69,1980,September,7271147.504029471,< 10 m,5,no,unstratified,NA,37.8,167,1.49,397,3.96,1.538,13.091999999999999,30.26,8.562,22.7971,22.3477,2.766,0.643,2.27,4.906,18.9587,264.763298,0.0281,1e-12,0.9247,79.3593,0.87912,1.9691,0.0554688,-2.1948,265.892067,0,2089246.683147677,18.9578,2.514,301.1135,9.1436,T1,9.1436
AP_D78,77226,55035,53780,53794,51849,50213,65.02084790096599,AAH_ONT_20230927_012_FP_BW2,6,0.5,20231011,175026656_1,AAH,ONT,20230927,12,AAH_ONT_20230927_012_3,0.75,NA,NA,NA,20230927,3,Rosette Cast,3,102,NA,B,NA,NA,0-01-01T23:30:00Z,NA,4260,FF,Whole,2,20,0.22,NA,0-01-01T00:21:00Z,0-01-01T00:39:00Z,43.50345,-79.35313333,69,2130,September,1411481.5896845497,>100 m,102.2,no,unstratified,NA,8.97,366,1.87,564,1.69,1.419,13.280999999999999,29.82,8.528,23.3303,22.9478,2.416,1.52,0.05,100.02850000000001,4.1965,185.658233,0.025,1e-12,0.2443,94.0758,0.098901,0,0.0554688,-3.1898999999999997,186.857398,0,2273741.8512183903,4.1974,2.2442,317.9345,11.4338,T1,11.4338
AP_D86,88964,64747,63453,63433,61208,59582,66.97315768175892,AAH_ONT_20230927_029_FP_MW2,33.3,0.25,20231016,175026656_1,AAH,ONT,20230927,29,AAH_ONT_20230927_029_2,0.75,NA,NA,NA,20230927,2,Rosette Cast,3,15,NA,M,NA,NA,0-01-01T04:21:00Z,NA,3400,FF,Whole,2,20,0.22,NA,0-01-01T05:17:00Z,0-01-01T05:44:00Z,43.81948333,-78.87111667,83,850,September,5191389.580934837,10-20 m,15,no,unstratified,NA,14.7,132,0.847,378,5.08,1.37,12.861,30.6,8.578,23.2227,22.61,2.75,0.546,2.24,14.7335,19.0292,266.1977605,0.0281,1e-12,1.0113,77.6603,0.88278,0,0.0554688,-2.1925,267.262114,0,2109800.906361025,19.0269,2.5433,302.2735,9.2757,T2,9.2757
AP_D94,54010,38017,36914,36946,35800,34589,64.0418441029439,AAH_ONT_20230927_033_FP_BW2,5.75,0.25,20231006,172033163,AAH,ONT,20230927,33,AAH_ONT_20230927_033_3,0.75,NA,NA,day sample,20230927,3,Rosette Cast,3,134.9,NA,B,NA,NA,0-01-01T09:25:00Z,NA,3740,FF,Whole,2,20,0.22,Day sample,0-01-01T10:26:00Z,0-01-01T10:43:00Z,43.5965,-78.81436667,78,935,September,1229442.732212756,>100 m,134.9,no,unstratified,NA,6.81,359,2.58,506,4.15,1.393,13.428,31.32,8.56,23.2037,23.3232,2.487,1.49,0.05,132.29,3.9767,183.9571675,0.0208,1e-12,0.2276,94.4679,0.087912,1264.2,0.0554688,-3.24855,185.083845,0,2258444.7050070656,3.9774,2.2833,317.413,11.814499999999999,T2,11.814499999999999
AP_D102,114154,85082,81804,81783,77812,74893,65.60698705257809,AAH_ONT_20230926_038_FP_EW2,9.88,0.25,20231011,175026656_1,AAH,ONT,20230926,38,AAH_ONT_20230926_038_1,0.75,NA,NA,NA,20230926,1,Rosette Cast,3,5,NA,E,NA,NA,0-01-01T10:45:00Z,NA,3300,FF,Whole,2,20,0.22,end filtration time is estimate,0-01-01T12:05:00Z,0-01-01T12:35:00Z,43.38313333,-77.98871667,110,825,September,2272043.4708726685,< 10 m,5,no,unstratified,NA,13.4,381,0.73,526,4.43,1.622,13.527000000000001,31.36,8.612,22.493,22.2181,2.396,1.4,1.01,4.903,6.83795,201.87108849999998,0.022,302.4,0.8194,81.4766,0.28938,1247.4,0.055053,-2.9436,203.192965,0,2313564.75518004,6.8443,2.2625,317.041,10.60615,T3,10.60615
AP_D8,81578,52439,51118,51129,49478,48471,59.41675451714923,AAH_ONT_20230515_074_FP_BW2,11.6,0.5,20230609,172033163,AAH,ONT,20230515,74,AAH_ONT_20230515_074_2,0.5,NA,NA,NA,20230515,2,Rosette Cast,2,66,NA,B,NA,NA,0-01-01T16:37:00Z,NA,3360,FF,Whole,2,20,0.22,NA,0-01-01T17:30:00Z,0-01-01T17:50:00Z,43.747366666666665,-76.51155,73,1680,May,2811915.966382685,40-100 m,66,yes,stratified,NA,21.5,330,2.23,450,5.17,1.8353819299412044,13.758000000000001,31.06,8.642,24.4395,23.8696,2.406,1.22,0.05,64.691,4.8653,190.334283,2.0708,1e-12,0.0767,98.1013,0.040293,1715.1,0.4026229,12.309,318.642,0,2303257.856699808,NA,NA,NA,NA,T5,12.309
AP_D16,31198,14375,14004,13941,13345,12903,41.35842041156484,AAH_ONT_20230516_064_FP_MW2,101,0.5,20230614,172033163,AAH,ONT,20230516,64,AAH_ONT_20230516_064_2,0.5,NA,NA,NA,20230516,2,Rosette Cast,2,14,NA,M,NA,NA,0-01-01T02:15:00Z,NA,4250,FF,Whole,2,20,0.22,NA,0-01-01T03:10:00Z,0-01-01T03:33:00Z,43.51975,-76.91836666666667,78,2125,May,3671677.3248906285,10-20 m,18,yes,stratified,NA,9.3,252,1.83,476,7.89,1.7583283037437396,13.269,31.72,8.752,23.5346,23.6766,2.348,1.21,5.8,13.729,5.83795,192.25089200000002,2.3101,1e-12,0.5912,86.2601,1.3144,0,0.3514841,13.7188,311.692,0,2196446.4801389473,NA,NA,NA,NA,T5,13.7188
AP_D24,60258,39359,38367,38324,37199,36045,59.817783530817486,AAH_ONT_20230517_041_FP_MW2,30,0.5,20230515,172033163,AAH,ONT,20230517,41,AAH_ONT_20230517_041_2,0.5,NA,NA,NA,20230517,2,Rosette Cast,2,24,NA,M,NA,NA,0-01-01T20:01:00Z,NA,3140,FF,Whole,2,20,0.22,NA,0-01-01T20:36:00Z,0-01-01T20:46:00Z,43.71661666666667,-78.02736666666667,45,1570,May,2820081.2977204695,20-30 m,67.5,no,stratified,NA,NA,NA,NA,NA,NA,NA,NA,NA,NA,NA,NA,NA,NA,NA,23.571,4.519,185.614878,2.1661,0.4447,0.231,94.3895,0.337,122.08,0.3606308,13.2838,314.404,0,2217421.757035499,NA,NA,NA,NA,T3,13.2838
AP_D32,48039,31545,30559,30629,29529,28661,59.661941339328465,AAH_ONT_20230517_055_FP_MW2,56.7,0.5,20230615,172033163,AAH,ONT,20230517,55,AAH_ONT_20230517_055_2,0.5,NA,NA,NA,20230517,2,Rosette Cast,2,13,NA,M,NA,NA,0-01-01T10:30:00Z,NA,3600,FF,Whole,2,20,0.22,NA,0-01-01T11:43:00Z,0-01-01T12:03:00Z,43.44421666666667,-77.43893333333334,93,1800,May,3041826.080128943,10-20 m,13,yes,stratified,NA,16.2,263,0.949,460,9.06,1.74570836671113,12.735,30.18,8.808,23.7239,23.5813,2.337,1.08,2.92,12.737,5.0347,188.290071,2.2002,104.12,0.349,91.6449,0.60562,1788,0.3643727,13.1602,313.443,0,2211762.9195763706,NA,NA,NA,NA,T4,13.1602
AP_D40,81475,56397,54943,54968,53341,52179,64.04295796256521,AAH_ONT_20230518_033_FP_BW2,17.7,0.5,20230616,172033163,AAH,ONT,20230518,33,AAH_ONT_20230518_033_3,0.5,NA,NA,NA,20230518,3,Rosette Cast,3,135,NA,B,NA,NA,0-01-01T11:47:00Z,NA,5040,FF,Whole,2,20,0.22,NA,0-01-01T12:06:00Z,0-01-01T12:35:00Z,43.596916666666665,-78.81335,48,2520,May,1994101.9963159105,>100 m,135,yes,stratified,NA,22.7,325,1.2,505,4.18,1.5896998603081822,14.028,33.64,9.24,23.4313,23.8721,2.343,1.27,0.22,132.389,3.8705,182.67963,2.0696,1e-12,0.0938,97.6831,0.051282,1784,0.3880712,12.7832,316.365,0,2236539.712413111,NA,NA,NA,NA,T2,12.7832
AP_D48,85157,59990,58717,58719,56423,54219,63.66945759009829,AAH_ONT_20230518_035_FP_MW1,66.6,0.5,20230616,172033163,AAH,ONT,20230518,35,AAH_ONT_20230518_035_1,0.5,NA,NA,NA,20230518,1,Rosette Cast,2,10,NA,M,NA,NA,0-01-01T07:58:00Z,NA,3400,FF,Whole,1,20,0.22,NA,0-01-01T08:21:00Z,0-01-01T08:41:00Z,43.36183333333334,-78.72948333333333,43,1700,May,4610370.219663827,< 10 m,10,yes,unstratified,NA,22.5,260,0.872,450,5.99,1.5616116027025106,11.655,32.12,9.078,19.5582,21.8859,2.628,0.692,2.44,9.838,11.0645,205.506672,2.3626,18.65,1.0546,76.8238,1.4664,1254.3,0.3011768,12.249,284.927,0,1798670.636807952,NA,NA,NA,NA,T2,12.249
AP_D57,85794,61815,60788,60781,58928,57030,66.47317994265333,AAH_ONT_20230519_012_FP_MW1,119,0.5,20230616,172033163,AAH,ONT,20230519,12,AAH_ONT_20230519_012_2,0.5,NA,NA,NA,20230519,2,Rosette Cast,3,15,NA,M,NA,NA,0-01-01T10:34:00Z,NA,4610,FF,Whole,1,20,0.22,NA,0-01-01T10:50:00Z,0-01-01T11:17:00Z,43.5035,-79.35378333333334,43,2305,May,4883028.244531429,10-20 m,15,yes,stratified,NA,5.87,282,1.26,474,5.37,1.401345224815463,13.799999999999999,32.48,9.154,23.1792,23.2234,2.601,0.847,3.2,14.741,6.135,194.109511,2.3272,53.725,0.5001,88.2467,1.0586,1453.2,0.3406742,13.692,311.71,0,2202433.535422276,NA,NA,NA,NA,T1,13.692
AP_D71,65781,46650,45326,45404,43875,43137,65.57668627719251,AAH_ONT_20230927_008_FP_BW1,30.3,0.5,20231017,175026656_1,AAH,ONT,20230927,8,AAH_ONT_20230927_008_2,0.75,NA,NA,NA,20230927,2,Rosette Cast,3,13.4,NA,B,NA,NA,0-01-01T20:03:00Z,NA,4150,FF,Whole,1,20,0.22,NA,0-01-01T20:14:00Z,0-01-01T20:39:00Z,43.62221667,-79.45091667,36,2075,September,5355816.939442781,10-20 m,13.4,no,unstratified,NA,44,161,1.27,381,3.23,1.537,13.008000000000001,29.96,8.638,22.3409,22.0139,2.68,0.63,1.48,13.126,18.9671,265.366108,0.0281,1e-12,0.8972,79.9083,0.86081,1.9691,0.2974395,-2.1942,266.409762,0,2100446.481866441,18.9651,2.5055,301.743,9.1178,T1,9.1178
AP_D79,87034,64826,63279,63201,61048,59815,68.7260151205276,AAH_ONT_20230927_017_FP_EW1,42.6,0.5,20231013,175026656_1,AAH,ONT,20230927,17,AAH_ONT_20230927_017_1,0.75,NA,NA,NA,20230927,1,Rosette Cast,3,5,NA,E,NA,NA,0-01-01T15:00:00Z,NA,4100,FF,Whole,1,20,0.22,NA,0-01-01T15:14:00Z,0-01-01T15:42:00Z,43.22538333,-79.27113333,42,2050,September,7701508.49689155,< 10 m,5,no,unstratified,NA,25,185,1.18,396,3.48,1.459,12.657,27.94,8.518,20.2255,19.8245,2.734,0.76,2.74,4.89,18.4061,264.595054,0.0281,352.99,0.9538,78.7843,0.97802,1843.1,0.3194746,-2.2159,265.679468,0,2155803.080348457,18.4088,2.5336,304.761,9.3385,T1,9.3385
AP_D87,92657,66077,64604,64595,62320,60785,65.6021671325426,AAH_ONT_20230927_029_FP_BW1,34.2,0.25,20231016,175026656_1,AAH,ONT,20230927,29,AAH_ONT_20230927_029_3,0.75,NA,NA,In tubes labeled as E1,20230927,3,Rosette Cast,3,27.9,NA,B,NA,NA,0-01-01T04:19:00Z,NA,3540,FF,Whole,1,20,0.22,NA,0-01-01T04:29:00Z,0-01-01T04:54:00Z,43.81948333,-78.87111667,35,885,September,6258326.209072069,20-30 m,27.9,no,unstratified,NA,15.6,135,0.352,358,4.28,1.276,12.803999999999998,30.58,8.512,23.2538,22.6415,2.884,0.675,2.12,27.3385,19.0286,266.222196,0.0281,1e-12,1.0093,77.6995,0.8315,0,0.0558845,-2.1969,267.323319,0,2110362.1476927334,19.026049999999998,2.5385,302.305,9.2689,T2,9.2689
AP_D95,68617,50118,48770,48761,46828,45623,66.48935395018727,AAH_ONT_20230926_035_FP_EW1,27.7,0.25,20231009,172033163,AAH,ONT,20230926,35,AAH_ONT_20230926_035_1,0.75,NA,NA,NA,20230926,1,Rosette Cast,3,5,NA,E,NA,NA,0-01-01T14:18:00Z,NA,3600,FF,Whole,1,20,0.22,NA,0-01-01T14:29:00Z,0-01-01T14:49:00Z,43.36143333,-78.72943333,31,900,September,5246625.645866912,< 10 m,5,NA,NA,NA,26.1,262,0.796,501,4.28,1.507,13.068,30.32,8.478,23.0837,22.7659,2.452,1.08,1.85,4.926,12.7614,231.676218,0.0269,457.22,0.7168,83.5939,0.6044,1679.6,0.0554688,-2.5186,232.894246,0,2186751.3871201016,12.7454,2.4335,306.859,10.0621,T2,10.0621
PCR_Blanks,19650,50,31,31,31,31,0.15776081424936386,NA,NA,NA,NA,NA,NA,NA,NA,NA,NA,NA,NA,NA,NA,NA,NA,NA,NA,NA,NA,NA,NA,NA,NA,NA,NA,NA,NA,NA,NA,NA,NA,NA,NA,NA,NA,NA,NA,NA,NA,NA,NA,NA,NA,NA,NA,NA,NA,NA,NA,NA,NA,NA,NA,NA,NA,NA,NA,NA,NA,NA,NA,NA,NA,NA,NA,NA,NA,NA,NA,NA,NA,NA,NA,NA,NA,NA,NA,NA
AP_D103,107525,67981,65744,65755,62586,59808,55.622413392234364,AAH_ONT_20230926_038_FP_BW1,6.32,0.25,20231009,172033163,AAH,ONT,20230926,38,AAH_ONT_20230926_038_2,0.75,NA,NA,NA,20230926,2,Rosette Cast,3,16.6,NA,B,NA,NA,0-01-01T10:29:00Z,NA,4000,FF,Whole,1,20,0.22,NA,0-01-01T10:39:00Z,0-01-01T11:05:00Z,43.38313333,-77.98871667,36,1000,September,1743858.6064932076,10-20 m,16.6,no,unstratified,NA,11,378,0.813,582,4.29,1.581,13.464000000000002,31.25,8.6,23.2611,23.0832,2.409,1.29,0.51,16.27,5.2679,192.17360300000001,0.0244,25.162,0.3194,92.3245,0.2381,1331.1,0.0554688,-3.0671,193.483397,0,2290132.894401092,5.2685,2.1624,317.434,10.4544,T3,10.4544
AP_D111,84930,62672,61514,61508,59294,57780,68.03249735075944,AAH_ONT_20230926_043_FP_EW1,26.3,0.25,20231006,172033163,AAH,ONT,20230926,43,AAH_ONT_20230926_043_1,0.75,NA,NA,NA,20230926,1,Rosette Cast,3,5,NA,E,NA,NA,0-01-01T04:13:00Z,NA,3860,FF,Whole,1,20,0.22,In tube labeled as BW1,0-01-01T04:21:00Z,0-01-01T04:46:00Z,43.94891667,-78.04683333,33,965,September,5944201.109371402,< 10 m,5,no,unstratified,NA,9.94,133,0.352,362,4.41,1.501,13.413,29.22,8.578,23.5313,22.9945,3.061,0.694,2.45,4.939,19.4589,268.258563,0.0134,1e-12,0.9208,79.4378,1.1172,0,0.0554688,-2.2356,269.331659,0,2098030.3174161497,19.4562,2.5495,301.668,9.2125,T3,9.2125
AP_D119,88583,63098,62147,61954,59686,58314,65.82978675366606,AAH_ONT_20230926_048_FP_BW1,32.5,0.25,20231011,175026656_1,AAH,ONT,20230926,48,AAH_ONT_20230926_048_3,0.75,NA,NA,NA,20230926,3,Rosette Cast,3,31.5,NA,B,NA,NA,0-01-01T00:45:00Z,NA,4000,FF,Whole,1,20,0.22,NA,0-01-01T00:56:00Z,0-01-01T01:21:00Z,43.87971667,-77.43926667,36,1000,September,6280260.530508865,30-40 m,31.5,no,unstratified,NA,11.3,128,0.352,329,4.43,1.556,13.23,28.53,8.554,23.6881,22.7589,2.618,0.469,2.13,30.912,19.2562,267.83746,0.0171,1e-12,0.757,82.7575,0.80586,0,0.0558845,-2.2337,268.845406,0,2114154.626762108,19.2538,2.4383,302.545,8.7755,T4,8.7755
AP_D127,89427,67712,66574,66565,64254,62215,69.5707113064287,AAH_ONT_20230923_064_FP_EW1,47.3,0.25,20231013,175026656_1,AAH,ONT,20230923,64,AAH_ONT_20230923_064_1,0.75,NA,NA,NA,20230923,1,Rosette Cast,3,5,NA,E,NA,NA,0-01-01T16:10:00Z,NA,4000,FF,Whole,1,20,0.22,was just pumping air for a bit randomly in the middle (fixed) so let it go for longer,0-01-01T17:15:00Z,0-01-01T17:46:00Z,43.5251,-76.92655,96,1000,September,5092765.1867372785,< 10 m,5,no,unstratified,NA,8.6,127,1.92,313,5.89,1.596,13.482,30.42,8.544,23.4034,23.2402,2.639,0.636,2.24,4.858,20.4644,273.817469,2.569,384.06,0.8452,80.9538,0.87179,1425.6,0.0558845,8.9226,275.02475,0,2085143.1353631085,20.4636,2.5604,301.099,9.0796,T5,9.0796
AP_D135,69440,53514,52565,52540,50817,49770,71.67338709677419,AAH_ONT_20230923_066_FP_BW1,26.3,0.25,20231011,175026656_1,AAH,ONT,20230923,66,AAH_ONT_20230923_066_2,0.75,NA,NA,NA,20230923,2,Rosette Cast,3,15.8,NA,B,NA,NA,0-01-01T11:57:00Z,NA,5400,FF,Whole,1,20,0.22,NA,0-01-01T12:15:00Z,0-01-01T12:47:00Z,43.3332,-76.84138333,50,1350,September,5648007.717706654,10-20 m,16,no,unstratified,NA,19.4,135,0.74,314,5.84,1.594,13.655999999999999,30.16,8.74,23.7164,23.3795,2.786,0.708,1.33,15.479,19.9489,272.491259,2.4322,49.79,0.4636,89.0571,0.51648,1685.6,0.0554688,8.4213,273.472447,0,2122570.229558069,19.921,2.42,303.11,8.5579,T5,8.5579
AP_D143,90058,52786,51606,51529,49874,48621,53.98854071820382,AAH_ONT_20230924_717_FP_MW1,10.7,0.25,20231006,172033163,AAH,ONT,20230924,717,AAH_ONT_20230924_717_2,0.75,NA,NA,NA,20230924,2,Rosette Cast,3,18.5,NA,M,NA,NA,0-01-01T10:02:00Z,NA,4200,FF,Whole,1,20,0.22,NA,0-01-01T10:23:00Z,0-01-01T10:53:00Z,43.3004,-77.44073333,51,1050,September,2062146.424130785,10-20 m,18.5,no,unstratified,NA,4.98,379,0.927,525,5.52,1.591,13.431000000000001,31.86,8.614,23.1711,23.176,2.748,1.32,0.39,18.17,4.8534500000000005,187.824349,2.2173,4.0841,0.3228,92.2461,0.22344,275.68,0.0554688,10.7023,188.96357799999998,0,2227709.4221141604,4.8664000000000005,2.2076,314.565,10.85735,T4,10.85735
AP_D151,67383,48591,47492,47393,45950,44857,66.5702031669709,AAH_ONT_20230926_033_FP_BW1,8.39,0.5,20231003,172033163,AAH,ONT,20230926,33,AAH_ONT_20230926_033_3,0.75,NA,NA,Night sample,20230926,3,Rosette Cast,3,134,NA,B,NA,NA,0-01-01T23:52:00Z,NA,4140,FF,Whole,1,20,0.22,Night sample,0-01-01T00:08:00Z,0-01-01T00:24:00Z,43.59733333,-78.8149,32,2070,September,1277153.8839511857,>100 m,134.9,no,unstratified,NA,6.81,359,2.58,506,4.15,1.393,13.428,31.32,8.56,23.2037,23.3232,2.487,1.49,0.05,131.403,3.9459,183.766113,0.022,1e-12,0.2321,94.3634,0.087912,0,0.0554688,-3.2457,184.841224,0,2257643.6442567576,3.9472,2.2955,317.412,11.9033,T2,11.9033
AP_D104,110236,77235,75187,75069,71810,67559,61.285786857288,AAH_ONT_20230926_038_FP_BW2,9.96,0.25,20231009,172033163,AAH,ONT,20230926,38,AAH_ONT_20230926_038_2,0.75,NA,NA,NA,20230926,2,Rosette Cast,3,16.6,NA,B,NA,NA,0-01-01T10:29:00Z,NA,5280,FF,Whole,2,20,0.22,NA,0-01-01T10:43:00Z,0-01-01T11:07:00Z,43.38313333,-77.98871667,38,1320,September,1822630.0382224268,10-20 m,16.6,no,unstratified,NA,11,378,0.813,582,4.29,1.581,13.464000000000002,31.25,8.6,23.2611,23.0832,2.409,1.29,0.51,16.27,5.2679,192.17360300000001,0.0244,25.162,0.3194,92.3245,0.2381,1331.1,0.0554688,-3.0671,193.483397,0,2290132.894401092,5.2685,2.1624,317.434,10.4544,T3,10.4544
AP_D112,106002,77233,75705,75802,72826,70663,66.66194977453256,AAH_ONT_20230926_043_FP_EW2,39,0.25,20231013,175026656_1,AAH,ONT,20230926,43,AAH_ONT_20230926_043_1,0.75,NA,NA,NA,20230926,1,Rosette Cast,3,5,NA,E,NA,NA,0-01-01T04:13:00Z,NA,3780,FF,Whole,2,20,0.22,NA,0-01-01T05:09:00Z,0-01-01T05:34:00Z,43.94891667,-78.04683333,81,945,September,5673144.12986415,< 10 m,5,no,unstratified,NA,9.94,133,0.352,362,4.41,1.501,13.413,29.22,8.578,23.5313,22.9945,3.061,0.694,2.45,4.939,19.4589,268.258563,0.0134,1e-12,0.9208,79.4378,1.1172,0,0.0554688,-2.2356,269.331659,0,2098030.3174161497,19.4562,2.5495,301.668,9.2125,T3,9.2125
AP_D120,87330,63232,62231,62212,59990,58656,67.16592236344898,AAH_ONT_20230926_048_FP_BW2,18.7,0.25,20231010,175026656_1,AAH,ONT,20230926,48,AAH_ONT_20230926_048_3,0.75,NA,NA,NA,20230926,3,Rosette Cast,3,31.5,NA,B,NA,NA,0-01-01T00:45:00Z,NA,3600,FF,Whole,2,20,0.22,NA,0-01-01T01:34:00Z,0-01-01T01:56:00Z,43.87971667,-77.43926667,71,900,September,5620469.737508635,30-40 m,31.5,no,unstratified,NA,11.3,128,0.352,329,4.43,1.556,13.23,28.53,8.554,23.6881,22.7589,2.618,0.469,2.13,30.912,19.2562,267.83746,0.0171,1e-12,0.757,82.7575,0.80586,0,0.0558845,-2.2337,268.845406,0,2114154.626762108,19.2538,2.4383,302.545,8.7755,T4,8.7755
AP_D128,101518,76281,74896,74835,72180,70505,69.45073780019307,AAH_ONT_20230923_064_FP_EW2,42.9,0.25,20231010,175026656_1,AAH,ONT,20230923,64,AAH_ONT_20230923_064_1,0.75,NA,NA,NA,20230923,1,Rosette Cast,3,5,NA,E,NA,NA,0-01-01T16:10:00Z,NA,3640,FF,Whole,2,20,0.22,NA,0-01-01T16:19:00Z,0-01-01T16:46:00Z,43.5251,-76.92655,36,910,September,6407223.427584619,< 10 m,5,no,unstratified,NA,8.6,127,1.92,313,5.89,1.596,13.482,30.42,8.544,23.4034,23.2402,2.639,0.636,2.24,4.858,20.4644,273.817469,2.569,384.06,0.8452,80.9538,0.87179,1425.6,0.0558845,8.9226,275.02475,0,2085143.1353631085,20.4636,2.5604,301.099,9.0796,T5,9.0796
AP_D136,85379,67302,66075,66035,63586,62270,72.933625364551,AAH_ONT_20230923_066_FP_BW2,30.3,0.25,20231018,175026656_1,AAH,ONT,20230923,66,AAH_ONT_20230923_066_2,0.75,NA,NA,NA,20230923,2,Rosette Cast,3,15.8,NA,B,NA,NA,0-01-01T11:57:00Z,NA,5280,FF,Whole,2,20,0.22,Small fuzz ball within cartridge,0-01-01T12:10:00Z,0-01-01T12:41:00Z,43.3332,-76.84138333,44,1320,September,6474467.332719318,10-20 m,16,no,unstratified,NA,19.4,135,0.74,314,5.84,1.594,13.655999999999999,30.16,8.74,23.7164,23.3795,2.786,0.708,1.33,15.479,19.9489,272.491259,2.4322,49.79,0.4636,89.0571,0.51648,1685.6,0.0554688,8.4213,273.472447,0,2122570.229558069,19.921,2.42,303.11,8.5579,T5,8.5579
AP_D144,81321,55348,53941,53978,52129,50204,61.735591052741604,AAH_ONT_20230924_717_FP_MW2,12.8,0.25,20231018,175026656_1,AAH,ONT,20230924,717,AAH_ONT_20230924_717_2,0.75,NA,NA,NA,20230924,2,Rosette Cast,3,18.5,NA,M,NA,NA,0-01-01T10:02:00Z,NA,4000,FF,Whole,2,20,0.22,NA,0-01-01T11:19:00Z,0-01-01T11:40:00Z,43.3004,-77.44073333,98,1000,September,1986416.9785862307,10-20 m,18.5,no,unstratified,NA,4.98,379,0.927,525,5.52,1.591,13.431000000000001,31.86,8.614,23.1711,23.176,2.748,1.32,0.39,18.17,4.8534500000000005,187.824349,2.2173,4.0841,0.3228,92.2461,0.22344,275.68,0.0554688,10.7023,188.96357799999998,0,2227709.4221141604,4.8664000000000005,2.2076,314.565,10.85735,T4,10.85735
AP_D152,74981,54247,52969,52923,51186,49732,66.3261359544418,AAH_ONT_20230926_033_FP_BW2,4.8,0.25,20231009,172033163,AAH,ONT,20230926,33,AAH_ONT_20230926_033_3,0.75,NA,NA,Night sample,20230926,3,Rosette Cast,3,134,NA,B,NA,NA,0-01-01T23:52:00Z,NA,3600,FF,Whole,2,20,0.22,"Night sample, lost a bit of flow through (<500mL)",0-01-01T00:41:00Z,0-01-01T00:59:00Z,43.59733333,-78.8149,67,900,September,1293004.2330186507,>100 m,134.9,no,unstratified,NA,6.81,359,2.58,506,4.15,1.393,13.428,31.32,8.56,23.2037,23.3232,2.487,1.49,0.05,131.403,3.9459,183.766113,0.022,1e-12,0.2321,94.3634,0.087912,0,0.0554688,-3.2457,184.841224,0,2257643.6442567576,3.9472,2.2955,317.412,11.9033,T2,11.9033
AP_D105,74921,54678,53782,53793,51619,50427,67.30689659774963,AAH_ONT_20230926_041_FP_EW1,30.1,0.25,20231016,175026656_1,AAH,ONT,20230926,41,AAH_ONT_20230926_041_1,0.75,NA,NA,NA,20230926,1,Rosette Cast,3,5,NA,E,NA,NA,0-01-01T07:15:00Z,NA,4900,FF,Whole,1,20,0.22,NA,0-01-01T07:25:00Z,0-01-01T07:52:00Z,43.71741667,-78.02633333,37,1225,September,7017061.605341929,< 10 m,5,no,unstratified,NA,8.93,132,0.352,336,4.46,1.57,12.933,28.9,8.616,23.1729,22.8659,2.719,0.598,2.18,4.931,19.5624,267.607442,0.0134,7.8052,1.0778,76.3794,0.99267,49.228,0.0554688,-2.2297,268.72268,0,2072110.696715228,19.558,2.5507,300.224,9.2016,T3,9.2016
AP_D113,77619,57973,56971,56966,54956,53670,69.1454411935222,AAH_ONT_20230926_043_FP_BW1,19.4,0.25,20231006,172033163,AAH,ONT,20230926,43,AAH_ONT_20230926_043_2,0.75,NA,NA,NA,20230926,2,Rosette Cast,3,15.6,NA,B,NA,NA,0-01-01T03:51:00Z,NA,4200,FF,Whole,1,20,0.22,In tube labeled as EW1,0-01-01T04:03:00Z,0-01-01T04:28:00Z,43.94891667,-78.04683333,37,1050,September,6359192.066774119,10-20 m,15.6,no,unstratified,NA,9.37,131,0.352,346,4.29,1.487,13.317,29.34,8.602,23.6252,23.1422,2.779,0.641,2.13,15.272,19.4761,268.391435,0.011,1e-12,0.9353,79.1502,1.1978,0,0.0558845,-2.2449,269.423251,0,2098474.4742277954,19.4742,2.5495,301.695,9.221,T3,9.221
AP_D121,77344,54594,53620,53543,51567,50445,65.22160736450145,AAH_ONT_20230925_055_FP_EW1,41.6,0.25,20231018,175026656_1,AAH,ONT,20230925,55,AAH_ONT_20230925_055_1,0.75,NA,NA,NA,20230925,1,Rosette Cast,3,5,NA,E,NA,NA,0-01-01T20:02:00Z,NA,4800,FF,Whole,1,20,0.22,NA,0-01-01T20:20:00Z,0-01-01T20:47:00Z,43.44283333,-77.4398,45,1200,September,5289853.870596361,< 10 m,5,no,unstratified,NA,14,136,5.41,330,5.76,1.555,12.785999999999998,29.43,8.478,23.6189,23.3209,2.534,0.535,2.39,4.924,20.0723,271.598302,0.0024,1e-12,0.9221,79.4116,1.2418,0,0.0558845,-2.2487,272.741237,0,2089016.201162946,20.0701,2.5556,301.251,9.1262,T4,9.1262
AP_D129,57919,40049,39011,39093,38037,36879,63.67340596350075,AAH_ONT_20230923_064_FP_MW1,16.4,0.25,20231013,175026656_1,AAH,ONT,20230923,64,AAH_ONT_20230923_064_2,0.75,NA,NA,NA,20230923,2,Rosette Cast,3,106,NA,M,NA,NA,0-01-01T15:36:00Z,NA,4900,FF,Whole,1,20,0.22,NA,0-01-01T15:51:00Z,0-01-01T16:09:00Z,43.5251,-76.92655,33,1225,September,1778281.081740732,>100 m,106.1,no,unstratified,NA,23.7,337,1.03,479,5.84,1.687,13.640999999999998,31.15,8.638,23.6429,23.6941,2.764,1.33,0.12,103.94749999999999,3.9855,183.0253095,2.3993,1e-12,0.2643,93.6053,0.098901,1025.9,0.05339,12.28735,184.12803150000002,0,2227750.7459435975,3.9855,2.3956,315.7165,12.5146,T5,12.5146
AP_D137,88419,65994,64784,64856,62344,61114,69.11862834911048,AAH_ONT_20230923_062_FP_EW1,39,0.25,20231017,175026656_1,AAH,ONT,20230923,62,AAH_ONT_20230923_062_1,0.75,NA,NA,NA,20230923,1,Rosette Cast,3,4.8,NA,E,NA,NA,0-01-01T21:51:00Z,NA,4180,FF,Whole,1,20,0.22,NA,0-01-01T21:58:00Z,0-01-01T22:22:00Z,43.86005,-77.00128333,31,1045,September,6752889.120884182,< 10 m,5,no,unstratified,NA,8.01,113,0.896,314,6.1,1.524,13.614,30.88,8.53,23.3107,22.8845,2.736,0.664,2.34,4.678,20.096,272.599401,2.5287,1e-12,0.7243,83.4371,0.39316,0,0.0554611,10.8885,2.939901,0,2105863.219816175,18.7582,2.5128,302.2,10.7378,T5,10.7378
AP_D145,77490,53527,52119,52108,50422,49354,63.69079881275003,AAH_ONT_20230924_717_FP_BW1,4.3,0.25,20231009,172033163,AAH,ONT,20230924,717,AAH_ONT_20230924_717_3,0.75,NA,NA,NA,20230924,3,Rosette Cast,3,34.8,NA,B,NA,NA,0-01-01T09:59:00Z,NA,3120,FF,Whole,1,20,0.22,NA,0-01-01T10:17:00Z,0-01-01T10:41:00Z,43.3004,-77.44073333,42,780,September,1593520.4471563436,30-40 m,34.8,no,unstratified,NA,4.53,358,1.21,499,5.86,1.541,13.602,31.58,8.58,23.398,23.3481,2.393,1.52,0.17,34.127,4.0226,184.098703,2.2967,0.54615,0.2465,94.0236,0.11722,265.83,0.0558845,11.4968,185.233719,0,2254975.8898405507,4.0232,2.2784,317.149,11.617,T4,11.617
AP_D153,77,4,1,1,0,0,0,AAH_ONT_20230928_000_FP_NW1,NA,0.25,20231006,172033163,AAH,ONT,20230928,0,NA,0.75,NA,NA,Negative control,NA,NA,NA,NA,NA,NA,NA,NA,NA,NA,NA,4100,FF,Whole,1,20,0.22,NA,0-01-01T01:10:00Z,0-01-01T01:27:00Z,NA,NA,NA,1025,September,NA,NA,NA,NA,NA,NA,NA,NA,NA,NA,NA,NA,NA,NA,NA,NA,NA,NA,NA,NA,NA,NA,NA,NA,NA,NA,NA,NA,NA,NA,NA,NA,NA,NA,NA,NA,NA,NA,NA,NA
AP_D106,105845,74505,73469,73480,70538,68821,65.02054891586754,AAH_ONT_20230926_041_FP_EW2,17.5,0.25,20231010,175026656_1,AAH,ONT,20230926,41,AAH_ONT_20230926_041_1,0.75,NA,NA,NA,20230926,1,Rosette Cast,3,5,NA,E,NA,NA,0-01-01T07:15:00Z,NA,3800,FF,Whole,2,20,0.22,NA,0-01-01T08:24:00Z,0-01-01T08:45:00Z,43.71741667,-78.02633333,90,950,September,6676999.570803592,< 10 m,5,no,unstratified,NA,8.93,132,0.352,336,4.46,1.57,12.933,28.9,8.616,23.1729,22.8659,2.719,0.598,2.18,4.931,19.5624,267.607442,0.0134,7.8052,1.0778,76.3794,0.99267,49.228,0.0554688,-2.2297,268.72268,0,2072110.696715228,19.558,2.5507,300.224,9.2016,T3,9.2016
AP_D114,79063,56489,55455,55347,53295,52156,65.9676460544123,AAH_ONT_20230926_043_FP_BW2,25.2,0.25,20231009,172033163,AAH,ONT,20230926,43,AAH_ONT_20230926_043_2,0.75,NA,NA,NA,20230926,2,Rosette Cast,3,15.6,NA,B,NA,NA,0-01-01T03:51:00Z,NA,4160,FF,Whole,2,20,0.22,NA,0-01-01T04:38:00Z,0-01-01T05:03:00Z,43.94891667,-78.04683333,72,1040,September,5887844.312687083,10-20 m,15.6,no,unstratified,NA,9.37,131,0.352,346,4.29,1.487,13.317,29.34,8.602,23.6252,23.1422,2.779,0.641,2.13,15.272,19.4761,268.391435,0.011,1e-12,0.9353,79.1502,1.1978,0,0.0558845,-2.2449,269.423251,0,2098474.4742277954,19.4742,2.5495,301.695,9.221,T3,9.221
AP_D122,82622,56688,55833,55727,53553,52402,63.4237854324514,AAH_ONT_20230925_055_FP_EW2,27.9,0.25,20231011,175026656_1,AAH,ONT,20230925,55,AAH_ONT_20230925_055_1,0.75,NA,NA,NA,20230925,1,Rosette Cast,3,5,NA,E,NA,NA,0-01-01T20:02:00Z,NA,4460,FF,Whole,2,20,0.22,NA,0-01-01T21:12:00Z,0-01-01T21:38:00Z,43.44283333,-77.4398,96,1115,September,5891846.926087957,< 10 m,5,no,unstratified,NA,14,136,5.41,330,5.76,1.555,12.785999999999998,29.43,8.478,23.6189,23.3209,2.534,0.535,2.39,4.924,20.0723,271.598302,0.0024,1e-12,0.9221,79.4116,1.2418,0,0.0558845,-2.2487,272.741237,0,2089016.201162946,20.0701,2.5556,301.251,9.1262,T4,9.1262
AP_D130,93438,62259,60816,60756,58950,57092,61.10147905563047,AAH_ONT_20230923_064_FP_MW2,16.4,0.25,20231009,172033163,AAH,ONT,20230923,64,AAH_ONT_20230923_064_2,0.75,NA,NA,NA,20230923,2,Rosette Cast,3,106,NA,M,NA,NA,0-01-01T15:36:00Z,NA,5160,FF,Whole,2,20,0.22,overflowed a bit in flow-through,0-01-01T16:31:00Z,0-01-01T17:04:00Z,43.5251,-76.92655,88,1290,September,1925897.4639650013,>100 m,106.1,no,unstratified,NA,23.7,337,1.03,479,5.84,1.687,13.640999999999998,31.15,8.638,23.6429,23.6941,2.764,1.33,0.12,103.94749999999999,3.9855,183.0253095,2.3993,1e-12,0.2643,93.6053,0.098901,1025.9,0.05339,12.28735,184.12803150000002,0,2227750.7459435975,3.9855,2.3956,315.7165,12.5146,T5,12.5146
AP_D138,91241,68860,67659,67564,65036,63903,70.03759274887386,AAH_ONT_20230923_062_FP_EW2,19.8,0.25,20231010,175026656_1,AAH,ONT,20230923,62,AAH_ONT_20230923_062_1,0.75,NA,NA,NA,20230923,1,Rosette Cast,3,4.8,NA,E,NA,NA,0-01-01T21:51:00Z,NA,4360,FF,Whole,2,20,0.22,NA,0-01-01T22:39:00Z,0-01-01T23:04:00Z,43.86005,-77.00128333,73,1090,September,6026975.154501497,< 10 m,5,no,unstratified,NA,8.01,113,0.896,314,6.1,1.524,13.614,30.88,8.53,23.3107,22.8845,2.736,0.664,2.34,4.678,20.096,272.599401,2.5287,1e-12,0.7243,83.4371,0.39316,0,0.0554611,10.8885,2.939901,0,2105863.219816175,18.7582,2.5128,302.2,10.7378,T5,10.7378
AP_D146,72114,49170,47896,47925,46385,45001,62.402584796294754,AAH_ONT_20230924_717_FP_BW2,12,0.25,20231011,175026656_1,AAH,ONT,20230924,717,AAH_ONT_20230924_717_3,0.75,NA,NA,NA,20230924,3,Rosette Cast,3,34.8,NA,B,NA,NA,0-01-01T09:59:00Z,NA,3940,FF,Whole,2,20,0.22,dust bunny things on filter again,0-01-01T11:01:00Z,0-01-01T11:23:00Z,43.3004,-77.44073333,84,985,September,1557336.8220124335,30-40 m,34.8,no,unstratified,NA,4.53,358,1.21,499,5.86,1.541,13.602,31.58,8.58,23.398,23.3481,2.393,1.52,0.17,34.127,4.0226,184.098703,2.2967,0.54615,0.2465,94.0236,0.11722,265.83,0.0558845,11.4968,185.233719,0,2254975.8898405507,4.0232,2.2784,317.149,11.617,T4,11.617
AP_D154,961,21,8,8,6,6,0.6243496357960457,EXTRACTION_NEGATIVE,NA,1,20231018,175026656_1,NA,NA,NA,NA,NA,NA,NA,NA,NA,NA,NA,NA,NA,NA,NA,NA,NA,NA,NA,NA,NA,NA,NA,NA,NA,NA,NA,NA,NA,NA,NA,NA,NA,NA,NA,NA,NA,NA,NA,NA,NA,NA,NA,NA,NA,NA,NA,NA,NA,NA,NA,NA,NA,NA,NA,NA,NA,NA,NA,NA,NA,NA,NA,NA,NA,NA,NA,NA,NA,NA,NA,NA,NA,NA
AP_D107,102902,69851,68371,68499,66111,63008,61.231074225962566,AAH_ONT_20230926_041_FP_MW1,14.7,0.25,20231016,175026656_1,AAH,ONT,20230926,41,AAH_ONT_20230926_041_2,0.75,NA,NA,NA,20230926,2,Rosette Cast,3,63.9,NA,M,NA,NA,0-01-01T06:47:00Z,NA,4840,FF,Whole,1,20,0.22,NA,0-01-01T07:01:00Z,0-01-01T07:23:00Z,43.71741667,-78.02633333,36,1210,September,2109217.157725075,40-100 m,63.9,no,unstratified,NA,3.06,355,0.352,508,5.3,1.604,13.302,29.66,8.526,18.6366,18.5348,2.396,1.34,0.23,62.654,3.93275,182.9291,0.0134,1e-12,0.3194,92.3245,0.15018,1.9691,0.0558845,-3.27305,184.02119,0,2233531.7335798535,3.9339,2.3761,316.103,12.3518,T3,12.3518
AP_D115,111809,84626,83423,83233,80198,77273,69.11160997772988,AAH_ONT_20230926_048_FP_EW1,38.2,0.25,20231011,175026656_1,AAH,ONT,20230926,48,AAH_ONT_20230926_048_1,0.75,NA,NA,NA,20230926,1,Rosette Cast,3,5,NA,E,NA,NA,0-01-01T01:12:00Z,NA,5020,FF,Whole,1,20,0.22,NA,0-01-01T01:20:00Z,0-01-01T01:45:00Z,43.87971667,-77.43926667,33,1255,September,5858545.182592677,< 10 m,5,no,unstratified,NA,12.3,126,0.773,310,5.97,1.555,13.197,28.79,8.506,23.7327,23.484,2.573,0.613,2.18,4.908,19.7803,270.476952,0.0195,1e-12,0.7773,82.3392,1.2527,0,0.0554688,-2.191,271.462656,0,2102682.238441555,19.7784,2.5153,301.973,8.9991,T4,8.9991
AP_D123,71005,47399,46326,46443,45201,43970,61.925216534046896,AAH_ONT_20230925_055_FP_MW1,18.8,0.25,20231016,175026656_1,AAH,ONT,20230925,55,AAH_ONT_20230925_055_2,0.75,NA,NA,NA,20230925,2,Rosette Cast,3,96,NA,M,NA,NA,0-01-01T19:30:00Z,NA,5220,FF,Whole,1,20,0.22,NA,0-01-01T19:46:00Z,0-01-01T20:09:00Z,43.44283333,-77.4398,39,1305,September,2247227.2677872437,40-100 m,95.6,no,unstratified,NA,5.5,332,0.823,464,6.11,1.553,12.912,29.9,8.562,23.9283,23.6881,2.395,1.21,0.11,94.145,3.92295,182.7207135,0.0104,1e-12,0.2554,93.8144,0.087912,0,0.0538058,-3.2904,183.8701185,0,2228324.030796556,3.92325,2.409,315.832,12.59135,T4,12.59135
AP_D131,91122,65358,63852,63691,61732,59943,65.7832356620794,AAH_ONT_20230923_064_FP_BW1,11.3,0.25,20231018,175026656_1,AAH,ONT,20230923,64,AAH_ONT_20230923_064_3,0.75,NA,NA,NA,20230923,3,Rosette Cast,3,210,NA,B,NA,NA,0-01-01T15:29:00Z,NA,4560,FF,Whole,1,20,0.22,NA,0-01-01T15:47:00Z,0-01-01T16:03:00Z,43.5251,-76.92655,34,1140,September,1297807.3690997006,>100 m,210.5,no,unstratified,NA,8.7,343,2.06,472,6.51,1.593,13.511999999999999,31.52,8.636,23.5958,23.5066,2.335,1.69,0.05,205.937,3.7602,184.245186,2.2222,1e-12,0.2487,93.9713,0.095238,830.96,0.0554688,11.3423,185.358236,0,2305932.2983123832,3.7612,2.2198,320.313,11.5716,T5,11.5716
AP_D139,67994,52672,51483,51466,49531,48524,71.36512045180457,AAH_ONT_20230923_062_FP_BW1,35.4,0.25,20231011,175026656_1,AAH,ONT,20230923,62,AAH_ONT_20230923_062_2,0.75,NA,NA,NA,20230923,2,Rosette Cast,3,18,NA,B,NA,NA,0-01-01T21:30:00Z,NA,4020,FF,Whole,1,20,0.22,NA,0-01-01T21:42:00Z,0-01-01T22:02:00Z,43.86005,-77.00128333,32,1005,September,6907550.10269399,10-20 m,18.3,no,unstratified,NA,11.4,110,2.93,338,7.2,1.548,13.578,30.89,8.508,23.3303,22.8792,2.649,0.798,1.68,17.686,20.0727,272.6842,2.5018,1e-12,0.6167,85.7112,0.36264,0,0.0558768,10.72325,2.998164,0,2110637.2824083064,18.7373,2.4921,302.464,10.5972,T5,10.5972
AP_D147,70255,51587,50630,50620,48860,47911,68.19585794605366,AAH_ONT_20230926_033_FP_EW1,27.7,0.5,20231003,172033163,AAH,ONT,20230926,33,AAH_ONT_20230926_033_1,0.75,NA,NA,Night sample,20230926,1,Rosette Cast,3,5,NA,E,NA,NA,0-01-01T23:59:00Z,NA,4420,FF,Whole,1,20,0.22,Night sample,0-01-01T00:12:00Z,0-01-01T00:37:00Z,43.59733333,-78.8149,38,2210,September,6742642.430577942,< 10 m,5,no,unstratified,NA,19.3,138,1.12,370,4.72,1.398,13.256999999999998,30.46,8.652,22.9199,22.5462,2.578,0.666,2.5,4.902,19.3565,266.486524,0.0244,1e-12,1.1455,75.0986,1.0403,0,0.055053,-2.1877,267.657331,0,2075124.24431278,19.3545,2.5421,300.366,9.1968,T2,9.1968
Zymo_Mock,82603,53153,52674,52817,50268,46669,56.49794801641587,NA,NA,NA,NA,NA,NA,NA,NA,NA,NA,NA,NA,NA,NA,NA,NA,NA,NA,NA,NA,NA,NA,NA,NA,NA,NA,NA,NA,NA,NA,NA,NA,NA,NA,NA,NA,NA,NA,NA,NA,NA,NA,NA,NA,NA,NA,NA,NA,NA,NA,NA,NA,NA,NA,NA,NA,NA,NA,NA,NA,NA,NA,NA,NA,NA,NA,NA,NA,NA,NA,NA,NA,NA,NA,NA,NA,NA,NA,NA
AP_D108,101762,68799,67329,67195,65251,63490,62.390676283878065,AAH_ONT_20230926_041_FP_MW2,22.3,0.25,20231011,175026656_1,AAH,ONT,20230926,41,AAH_ONT_20230926_041_2,0.75,NA,NA,NA,20230926,2,Rosette Cast,3,63.9,NA,M,NA,NA,0-01-01T06:47:00Z,NA,4200,FF,Whole,2,20,0.22,"volume filtered is an estimation, filter was put in on wrong side",0-01-01T07:58:00Z,0-01-01T08:19:00Z,43.71741667,-78.02633333,92,1050,September,2026603.2171310154,40-100 m,63.9,no,unstratified,NA,3.06,355,0.352,508,5.3,1.604,13.302,29.66,8.526,18.6366,18.5348,2.396,1.34,0.23,62.654,3.93275,182.9291,0.0134,1e-12,0.3194,92.3245,0.15018,1.9691,0.0558845,-3.27305,184.02119,0,2233531.7335798535,3.9339,2.3761,316.103,12.3518,T3,12.3518
AP_D116,88446,66528,65634,65552,63252,61258,69.2603396422676,AAH_ONT_20230926_048_FP_EW2,38.4,0.25,20231011,175026656_1,AAH,ONT,20230926,48,AAH_ONT_20230926_048_1,0.75,NA,NA,NA,20230926,1,Rosette Cast,3,5,NA,E,NA,NA,0-01-01T01:12:00Z,NA,4920,FF,Whole,2,20,0.22,NA,0-01-01T02:11:00Z,0-01-01T02:36:00Z,43.87971667,-77.43926667,84,1230,September,6443246.948192494,< 10 m,5,no,unstratified,NA,12.3,126,0.773,310,5.97,1.555,13.197,28.79,8.506,23.7327,23.484,2.573,0.613,2.18,4.908,19.7803,270.476952,0.0195,1e-12,0.7773,82.3392,1.2527,0,0.0554688,-2.191,271.462656,0,2102682.238441555,19.7784,2.5153,301.973,8.9991,T4,8.9991
AP_D124,77916,50314,49261,49253,48042,46764,60.01848144155244,AAH_ONT_20230925_055_FP_MW2,11.9,0.25,20231017,175026656_1,AAH,ONT,20230925,55,AAH_ONT_20230925_055_2,0.75,NA,NA,NA,20230925,2,Rosette Cast,3,96,NA,M,NA,NA,0-01-01T19:30:00Z,NA,4500,FF,Whole,2,20,0.22,NA,0-01-01T20:26:00Z,0-01-01T20:45:00Z,43.44283333,-77.4398,75,1125,September,1769635.4367948421,40-100 m,95.6,no,unstratified,NA,5.5,332,0.823,464,6.11,1.553,12.912,29.9,8.562,23.9283,23.6881,2.395,1.21,0.11,94.145,3.92295,182.7207135,0.0104,1e-12,0.2554,93.8144,0.087912,0,0.0538058,-3.2904,183.8701185,0,2228324.030796556,3.92325,2.409,315.832,12.59135,T4,12.59135
AP_D132,70303,50221,48860,48796,47398,45980,65.40261439767862,AAH_ONT_20230923_064_FP_BW2,9.25,0.25,20231011,175026656_1,AAH,ONT,20230923,64,AAH_ONT_20230923_064_3,0.75,NA,NA,NA,20230923,3,Rosette Cast,3,210,NA,B,NA,NA,0-01-01T15:29:00Z,NA,4240,FF,Whole,2,20,0.22,NA,0-01-01T16:21:00Z,0-01-01T16:43:00Z,43.5251,-76.92655,74,1060,September,1622179.1591066082,>100 m,210.5,no,unstratified,NA,8.7,343,2.06,472,6.51,1.593,13.511999999999999,31.52,8.636,23.5958,23.5066,2.335,1.69,0.05,205.937,3.7602,184.245186,2.2222,1e-12,0.2487,93.9713,0.095238,830.96,0.0554688,11.3423,185.358236,0,2305932.2983123832,3.7612,2.2198,320.313,11.5716,T5,11.5716
AP_D140,72972,56045,54967,54852,52852,51769,70.94364961903196,AAH_ONT_20230923_062_FP_BW2,23,0.25,20231006,172033163,AAH,ONT,20230923,62,AAH_ONT_20230923_062_2,0.75,NA,NA,NA,20230923,2,Rosette Cast,3,18,NA,B,NA,NA,0-01-01T21:30:00Z,NA,3820,FF,Whole,2,20,0.22,NA,0-01-01T22:15:00Z,0-01-01T22:31:00Z,43.86005,-77.00128333,61,955,September,7098234.6051116735,10-20 m,18.3,no,unstratified,NA,11.4,110,2.93,338,7.2,1.548,13.578,30.89,8.508,23.3303,22.8792,2.649,0.798,1.68,17.686,20.0727,272.6842,2.5018,1e-12,0.6167,85.7112,0.36264,0,0.0558768,10.72325,2.998164,0,2110637.2824083064,18.7373,2.4921,302.464,10.5972,T5,10.5972
AP_D148,51250,36732,35896,35924,34646,33843,66.03512195121951,AAH_ONT_20230926_033_FP_EW2,34,0.25,20231009,172033163,AAH,ONT,20230926,33,AAH_ONT_20230926_033_1,0.75,NA,NA,Night sample,20230926,1,Rosette Cast,3,5,NA,E,NA,NA,0-01-01T23:59:00Z,NA,4400,FF,Whole,2,20,0.22,Night sample,0-01-01T01:00:00Z,0-01-01T01:25:00Z,43.59733333,-78.8149,86,1100,September,6497202.1768362885,< 10 m,5,no,unstratified,NA,19.3,138,1.12,370,4.72,1.398,13.256999999999998,30.46,8.652,22.9199,22.5462,2.578,0.666,2.5,4.902,19.3565,266.486524,0.0244,1e-12,1.1455,75.0986,1.0403,0,0.055053,-2.1877,267.657331,0,2075124.24431278,19.3545,2.5421,300.366,9.1968,T2,9.1968
Blank1_10471351,41,11,4,4,2,2,4.878048780487805,NA,NA,NA,NA,NA,NA,NA,NA,NA,NA,NA,NA,NA,NA,NA,NA,NA,NA,NA,NA,NA,NA,NA,NA,NA,NA,NA,NA,NA,NA,NA,NA,NA,NA,NA,NA,NA,NA,NA,NA,NA,NA,NA,NA,NA,NA,NA,NA,NA,NA,NA,NA,NA,NA,NA,NA,NA,NA,NA,NA,NA,NA,NA,NA,NA,NA,NA,NA,NA,NA,NA,NA,NA,NA,NA,NA,NA,NA,NA
AP_D109,79788,51243,49844,49856,48094,47004,58.911114453301245,AAH_ONT_20230926_041_FP_BW1,3.54,0.25,20231009,172033163,AAH,ONT,20230926,41,AAH_ONT_20230926_041_3,0.75,NA,NA,NA,20230926,3,Rosette Cast,3,126,NA,B,NA,NA,0-01-01T06:45:00Z,NA,3300,FF,Whole,1,20,0.22,minor spill for 5 seconds,0-01-01T06:55:00Z,0-01-01T07:16:00Z,43.71741667,-78.02633333,31,825,September,1519552.151508174,>100 m,126.1,no,unstratified,NA,5.86,363,2.23,483,4.1,1.586,13.14,29.76,8.492,23.909,23.7839,2.388,1.51,0.05,123.585,3.831,183.252605,0.0122,1e-12,0.2867,93.0825,0.091575,1.9691,0.0554688,-3.31405,184.355918,0,2261417.296258327,3.8315,2.3101,317.785,12.03035,T3,12.03035
AP_D117,74912,55336,54265,54305,52371,51115,68.23339384878257,AAH_ONT_20230926_048_FP_MW1,36,0.25,20231009,172033163,AAH,ONT,20230926,48,AAH_ONT_20230926_048_2,0.75,NA,NA,NA,20230926,2,Rosette Cast,3,16.5,NA,M,NA,NA,0-01-01T00:48:00Z,NA,4160,FF,Whole,1,20,0.22,NA,0-01-01T01:02:00Z,0-01-01T01:27:00Z,43.87971667,-77.43926667,39,1040,September,5999757.383375547,10-20 m,16.5,no,unstratified,NA,10,126,0.352,364,4.62,1.553,13.071000000000002,28.43,8.47,23.7743,23.5895,2.626,0.605,2.37,16.149,19.6652,269.777929,0.0171,1e-12,0.8297,81.2675,1.2637,0,0.0554688,-2.2131,270.76275,0,2102981.821776293,19.6637,2.5165,301.976,9.0316,T4,9.0316
AP_D125,73551,49304,48084,48036,46497,45254,61.52737556253484,AAH_ONT_20230925_055_FP_BW1,10.4,0.25,20231017,175026656_1,AAH,ONT,20230925,55,AAH_ONT_20230925_055_3,0.75,NA,NA,NA,20230925,3,Rosette Cast,3,189.6,NA,B,NA,NA,0-01-01T19:26:00Z,NA,4540,FF,Whole,1,20,0.22,"Small black fleck came through tubing onto filter, not sure if it was within tubing or within bottle (or from environment?)",0-01-01T19:39:00Z,0-01-01T19:57:00Z,43.44283333,-77.4398,31,1135,September,1598643.7923094635,>100 m,189.7,no,unstratified,NA,4.03,349,2.38,475,5.68,1.569,13.014,30.53,8.636,24.216,23.6434,2.481,1.56,0.05,185.938,3.7787,183.671648,0.0098,1e-12,0.2365,94.2588,0.095238,0,0.0554688,-3.3746,184.751305,0,2284195.1137481527,3.7797,2.2759,319.106,11.9194,T4,11.9194
AP_D133,54663,42559,41768,41833,40296,39568,72.38534291934215,AAH_ONT_20230923_066_FP_EW1,36.8,0.25,20231017,175026656_1,AAH,ONT,20230923,66,AAH_ONT_20230923_066_1,0.75,NA,NA,NA,20230923,1,Rosette Cast,3,5,NA,E,NA,NA,0-01-01T12:32:00Z,NA,4680,FF,Whole,1,20,0.22,NA,0-01-01T12:41:00Z,0-01-01T12:58:00Z,43.3332,-76.84138333,26,1170,September,6403220.814183744,< 10 m,5,no,unstratified,NA,16.3,135,0.352,333,6.25,1.627,13.850999999999999,30.82,8.818,23.1489,22.9324,2.736,0.596,1.64,4.916,20.1997,273.142151,2.4884,462.39,0.6192,85.6589,0.65934,1553.6,0.0558845,8.6141,274.324585,0,2104430.941625776,20.1977,2.4762,302.137,8.7506,T5,8.7506
AP_D141,72512,55527,54255,54289,52078,50837,70.1083958517211,AAH_ONT_20230924_717_FP_EW1,33.2,0.25,20231009,172033163,AAH,ONT,20230924,717,AAH_ONT_20230924_717_1,0.75,NA,NA,NA,20230924,1,Rosette Cast,3,5,NA,E,NA,NA,0-01-01T10:28:00Z,NA,4330,FF,Whole,1,20,0.22,NA,0-01-01T10:39:00Z,0-01-01T11:04:00Z,43.3004,-77.44073333,36,1082.5,September,5379032.097167856,< 10 m,5,no,unstratified,NA,12.2,150,1.83,360,6.11,1.558,13.649999999999999,30.79,8.63,23.2982,23.0255,2.803,0.628,2.23,4.903,18.7684,265.329893,2.4505,64.519,0.6474,85.0577,0.86447,285.52,0.0554688,8.6726,266.287961,0,2127962.687468905,18.7464,2.4322,303.255,8.775,T4,8.775
AP_D149,64666,42904,41821,41800,40685,39374,60.88825657996474,AAH_ONT_20230926_033_FP_MW1,8.23,0.5,20231003,172033163,AAH,ONT,20230926,33,AAH_ONT_20230926_033_2,0.75,NA,NA,Night sample,20230926,2,Rosette Cast,3,68,NA,M,NA,NA,0-01-01T23:57:00Z,NA,4220,FF,Whole,1,20,0.22,Night sample,0-01-01T00:15:00Z,0-01-01T00:32:00Z,43.59733333,-78.8149,35,2110,September,1546129.5044899837,40-100 m,68.5,no,unstratified,NA,6.77,355,1.35,521,3.56,1.433,13.497,30.96,8.68,23.4166,23.1804,2.233,1.46,0.25,66.692,4.1244499999999995,183.8842745,0.0214,1e-12,0.27835,93.27860000000001,0.13187,0,0.0538058,-3.2077,184.9461265,0,2231555.5267196354,4.117,2.3773,315.7365,12.29155,T2,12.29155
Blank2_10471351,27,5,2,2,2,2,7.407407407407407,NA,NA,NA,NA,NA,NA,NA,NA,NA,NA,NA,NA,NA,NA,NA,NA,NA,NA,NA,NA,NA,NA,NA,NA,NA,NA,NA,NA,NA,NA,NA,NA,NA,NA,NA,NA,NA,NA,NA,NA,NA,NA,NA,NA,NA,NA,NA,NA,NA,NA,NA,NA,NA,NA,NA,NA,NA,NA,NA,NA,NA,NA,NA,NA,NA,NA,NA,NA,NA,NA,NA,NA,NA,NA,NA,NA,NA,NA,NA
AP_D110,92334,64277,62626,62596,60460,58669,63.539974440617755,AAH_ONT_20230926_041_FP_BW2,4.46,0.25,20231010,172033163,AAH,ONT,20230926,41,AAH_ONT_20230926_041_3,0.75,NA,NA,NA,20230926,3,Rosette Cast,3,126,NA,B,NA,NA,0-01-01T06:45:00Z,NA,2160,FF,Whole,2,20,0.22,NA,0-01-01T07:49:00Z,0-01-01T08:07:00Z,43.71741667,-78.02633333,82,540,September,1269148.657149436,>100 m,126.1,no,unstratified,NA,5.86,363,2.23,483,4.1,1.586,13.14,29.76,8.492,23.909,23.7839,2.388,1.51,0.05,123.585,3.831,183.252605,0.0122,1e-12,0.2867,93.0825,0.091575,1.9691,0.0554688,-3.31405,184.355918,0,2261417.296258327,3.8315,2.3101,317.785,12.03035,T3,12.03035
AP_D118,81914,60605,59556,59468,57274,55802,68.12266523427009,AAH_ONT_20230926_048_FP_MW2,33.6,0.25,20231016,175026656_1,AAH,ONT,20230926,48,AAH_ONT_20230926_048_2,0.75,NA,NA,NA,20230926,2,Rosette Cast,3,16.5,NA,M,NA,NA,0-01-01T00:48:00Z,NA,3700,FF,Whole,2,20,0.22,NA,0-01-01T01:44:00Z,0-01-01T02:07:00Z,43.87971667,-77.43926667,79,925,September,5776571.660142759,10-20 m,16.5,no,unstratified,NA,10,126,0.352,364,4.62,1.553,13.071000000000002,28.43,8.47,23.7743,23.5895,2.626,0.605,2.37,16.149,19.6652,269.777929,0.0171,1e-12,0.8297,81.2675,1.2637,0,0.0554688,-2.2131,270.76275,0,2102981.821776293,19.6637,2.5165,301.976,9.0316,T4,9.0316
AP_D126,75943,51170,49962,49870,48503,47052,61.95699406133548,AAH_ONT_20230925_055_FP_BW2,11.3,0.25,20231011,175026656_1,AAH,ONT,20230925,55,AAH_ONT_20230925_055_3,0.75,NA,NA,NA,20230925,3,Rosette Cast,3,189.6,NA,B,NA,NA,0-01-01T19:26:00Z,NA,4740,FF,Whole,2,20,0.22,NA,0-01-01T20:12:00Z,0-01-01T20:31:00Z,43.44283333,-77.4398,65,1185,September,1589838.0428275387,>100 m,189.7,no,unstratified,NA,4.03,349,2.38,475,5.68,1.569,13.014,30.53,8.636,24.216,23.6434,2.481,1.56,0.05,185.938,3.7787,183.671648,0.0098,1e-12,0.2365,94.2588,0.095238,0,0.0554688,-3.3746,184.751305,0,2284195.1137481527,3.7797,2.2759,319.106,11.9194,T4,11.9194
AP_D134,75558,57969,56897,56690,54629,53434,70.71918261468011,AAH_ONT_20230923_066_FP_EW2,24.6,0.25,20231009,172033163,AAH,ONT,20230923,66,AAH_ONT_20230923_066_1,0.75,NA,NA,NA,20230923,1,Rosette Cast,3,5,NA,E,NA,NA,0-01-01T12:32:00Z,NA,4240,FF,Whole,2,20,0.22,NA,0-01-01T13:13:00Z,0-01-01T13:13:00Z,43.3332,-76.84138333,41,1060,September,5626553.709877964,< 10 m,5,no,unstratified,NA,16.3,135,0.352,333,6.25,1.627,13.850999999999999,30.82,8.818,23.1489,22.9324,2.736,0.596,1.64,4.916,20.1997,273.142151,2.4884,462.39,0.6192,85.6589,0.65934,1553.6,0.0558845,8.6141,274.324585,0,2104430.941625776,20.1977,2.4762,302.137,8.7506,T5,8.7506
AP_D142,119851,91587,90059,89909,86506,84099,70.16962728721496,AAH_ONT_20230924_717_FP_EW2,43.4,0.25,20231009,172033163,AAH,ONT,20230924,717,AAH_ONT_20230924_717_1,0.75,NA,NA,NA,20230924,1,Rosette Cast,3,5,NA,E,NA,NA,0-01-01T10:28:00Z,NA,4365,FF,Whole,2,20,0.22,NA,0-01-01T11:27:00Z,0-01-01T11:48:00Z,43.3004,-77.44073333,80,1091.25,September,6050510.521298641,< 10 m,5,no,unstratified,NA,12.2,150,1.83,360,6.11,1.558,13.649999999999999,30.79,8.63,23.2982,23.0255,2.803,0.628,2.23,4.903,18.7684,265.329893,2.4505,64.519,0.6474,85.0577,0.86447,285.52,0.0554688,8.6726,266.287961,0,2127962.687468905,18.7464,2.4322,303.255,8.775,T4,8.775
AP_D150,72776,48527,47201,47110,45426,43503,59.776574694954384,AAH_ONT_20230926_033_FP_MW2,11.6,0.25,20231011,175026656_1,AAH,ONT,20230926,33,AAH_ONT_20230926_033_2,0.75,NA,NA,Night sample,20230926,2,Rosette Cast,3,68,NA,M,NA,NA,0-01-01T23:57:00Z,NA,4100,FF,Whole,2,20,0.22,Night sample,0-01-01T00:50:00Z,0-01-01T01:08:00Z,43.59733333,-78.8149,71,1025,September,1702711.7407322126,40-100 m,68.5,no,unstratified,NA,6.77,355,1.35,521,3.56,1.433,13.497,30.96,8.68,23.4166,23.1804,2.233,1.46,0.25,66.692,4.1244499999999995,183.8842745,0.0214,1e-12,0.27835,93.27860000000001,0.13187,0,0.0538058,-3.2077,184.9461265,0,2231555.5267196354,4.117,2.3773,315.7365,12.29155,T2,12.29155
